Player Name,Club,Position,Minutes,Goals,Assists,Shots,Shots On Target,Passes%,Conversion %,Touches_per90,Passes_per90,Shots_per90,Assists_per90,Goals_per90,Carries_per90,Progressive Carries_per90,Through Balls_per90,Crosses_per90,Tackles_per90,Interceptions_per90,Ground Duels_per90,Aerial Duels_per90,Saves_per90,Clearances_per90,Fouls_per90
Ben White,Arsenal,DEF,1198,0,2,9,12,89.0,13.0,62.57929883138564,126.0601001669449,0.6761268781302171,0.15025041736227046,0.0,43.797996661101834,22.237061769616027,0.3005008347245409,3.8313856427378967,1.5025041736227045,1.7278797996661102,17.353923205342237,1.2020033388981637,0.0,2.8547579298831383,0.7512520868113522
Bukayo Saka,Arsenal,MID,1735,6,10,67,2,87.0,25.0,56.749279538904894,33.35446685878963,3.4755043227665703,0.5187319884726225,0.3112391930835735,8.662824207492795,3.579250720461095,0.05187319884726225,0.05187319884726225,1.504322766570605,0.7780979827089338,3.00864553314121,2.3342939481268012,0.0,0.3112391930835735,0.7780979827089338
David Raya,Arsenal,GKP,3420,0,0,0,0,0.0,0.0,42.078947368421055,0.0,0.0,0.0,0.0,0.0,0.0,0.0,0.0,0.0,0.0,0.0,0.0,2.263157894736842,0.763157894736842,0.026315789473684213
Declan Rice,Arsenal,MID,2833,4,7,48,18,81.0,15.0,64.04518178609247,25.065301800211788,1.5248852806212496,0.22237910342393222,0.12707377338510412,13.05683021531945,8.259795270031768,0.34945287680903636,2.0014119308153897,1.6837274973526295,0.41298976350158845,10.864807624426403,0.8259795270031769,0.0,1.5884221673138017,0.6671373102717967
Ethan Nwaneri,Arsenal,MID,889,4,0,24,0,0.0,0.0,60.84364454443195,0.0,2.4296962879640045,0.0,0.4049493813273341,0.0,0.0,0.0,0.0,1.1136107986501687,0.0,0.0,0.0,0.0,0.4049493813273341,0.9111361079865017
Gabriel Jesus,Arsenal,FWD,603,3,0,20,0,0.0,0.0,48.95522388059701,0.0,2.985074626865672,0.0,0.44776119402985076,0.0,0.0,0.0,0.0,1.492537313432836,0.0,0.0,0.0,0.0,1.044776119402985,2.08955223880597
Gabriel Magalhães,Arsenal,DEF,2365,3,1,22,25,79.0,15.0,72.723044397463,22.452431289640593,0.8372093023255813,0.03805496828752643,0.11416490486257927,12.824524312896406,8.219873150105707,0.19027484143763215,3.386892177589852,0.9513742071881607,0.19027484143763215,7.839323467230444,2.13107822410148,0.0,3.386892177589852,0.7230443974630021
Gabriel Martinelli,Arsenal,MID,2300,8,4,55,12,69.0,10.0,42.37826086956522,13.460869565217392,2.1521739130434785,0.1565217391304348,0.3130434782608696,7.121739130434783,4.304347826086957,0.4695652173913044,0.3521739130434783,0.9,0.391304347826087,9.273913043478261,2.8173913043478263,0.0,0.6260869565217392,0.6260869565217392
Jakub Kiwior,Arsenal,DEF,1117,1,0,3,1,87.0,0.0,69.37332139659803,42.945389435989256,0.24171888988361684,0.0,0.08057296329453895,8.137869292748434,4.189794091316025,0.0,2.0948970456580125,1.7726051924798567,0.7251566696508506,4.270367054610564,1.6114592658907787,0.0,4.59265890778872,0.8057296329453894
Jorginho,Arsenal,MID,702,0,0,2,0,0.0,0.0,70.51282051282051,0.0,0.25641025641025644,0.0,0.0,0.0,0.0,0.0,0.0,1.5384615384615385,0.0,0.0,0.0,0.0,0.25641025641025644,1.9230769230769231
Jurriën Timber,Arsenal,DEF,2422,1,3,14,34,65.0,26.0,65.10322047894303,16.7588769611891,0.5202312138728323,0.11147811725846407,0.037159372419488024,2.898431048720066,1.412056151940545,0.037159372419488024,0.22295623451692814,2.1552436003303055,0.22295623451692814,5.499587118084228,6.2056151940545,0.0,1.523534269199009,0.0
Kai Havertz,Arsenal,FWD,1874,9,3,53,2,81.0,0.0,40.1974386339381,25.357524012806827,2.545357524012807,0.144076840981857,0.43223052294557096,5.570971184631804,1.632870864461046,0.048025613660619,0.288153681963714,0.768409818569904,0.9124866595517609,6.099252934898613,1.4407684098185698,0.0,1.536819637139808,1.8249733191035218
Leandro Trossard,Arsenal,MID,2550,8,7,72,2,81.0,6.0,49.76470588235294,33.529411764705884,2.5411764705882356,0.24705882352941178,0.2823529411764706,7.623529411764705,4.764705882352941,0.10588235294117646,2.4000000000000004,1.0941176470588236,0.8823529411764706,5.894117647058824,2.0823529411764703,0.0,0.49411764705882355,0.9529411764705882
Martin Ødegaard,Arsenal,MID,2328,3,8,49,12,93.0,13.0,69.2396907216495,72.60309278350516,1.8943298969072166,0.30927835051546393,0.11597938144329897,22.22938144329897,10.012886597938143,0.5798969072164948,0.0,0.7345360824742269,0.9278350515463918,8.27319587628866,0.7345360824742269,0.0,0.19329896907216496,0.4639175257731959
Mikel Merino,Arsenal,MID,1581,7,2,38,7,78.0,6.0,48.15939278937382,77.87476280834915,2.163187855787476,0.11385199240986718,0.3984819734345351,23.851992409867172,13.605313092979129,1.537001897533207,4.326375711574952,2.618595825426945,1.537001897533207,17.647058823529413,2.2770398481973433,0.0,1.3092979127134725,2.333965844402277
Myles Lewis-Skelly,Arsenal,DEF,1370,1,0,3,6,86.0,12.0,63.32846715328467,128.82481751824818,0.19708029197080293,0.0,0.0656934306569343,30.153284671532848,17.54014598540146,0.19708029197080293,0.5255474452554744,1.4452554744525548,2.2335766423357666,8.474452554744525,12.416058394160585,0.0,1.5766423357664234,0.7226277372262774
Oleksandr Zinchenko,Arsenal,DEF,522,0,0,10,0,0.0,0.0,88.10344827586208,0.0,1.7241379310344827,0.0,0.0,0.0,0.0,0.0,0.0,1.0344827586206897,0.0,0.0,0.0,0.0,1.5517241379310345,1.379310344827586
Raheem Sterling,Arsenal,MID,496,0,2,11,0,0.0,0.0,54.435483870967744,0.0,1.995967741935484,0.3629032258064516,0.0,0.0,0.0,0.0,0.0,1.6330645161290325,0.0,0.0,0.0,0.0,0.5443548387096774,2.1774193548387095
Riccardo Calafiori,Arsenal,DEF,984,2,1,10,2,92.0,10.0,62.46951219512195,110.1219512195122,0.9146341463414633,0.09146341463414635,0.1829268292682927,26.158536585365855,12.987804878048781,0.27439024390243905,0.5487804878048781,0.0,1.1890243902439026,11.25,1.8292682926829267,0.0,2.1951219512195124,1.4634146341463417
Thomas Partey,Arsenal,MID,2799,4,0,26,3,83.0,0.0,73.60128617363344,25.273311897106108,0.8360128617363344,0.0,0.12861736334405144,4.244372990353698,2.4115755627009645,0.0,1.1897106109324758,2.8617363344051445,0.707395498392283,3.1832797427652735,2.282958199356913,0.0,1.414790996784566,1.4469453376205788
William Saliba,Arsenal,DEF,3041,2,0,6,1,88.0,8.0,85.32390660966787,45.87306806971391,0.1775731667214732,0.0,0.059191055573824404,9.796119697467939,5.504768168365669,0.059191055573824404,0.147977638934561,1.8349227227885565,0.7694837224597172,3.1963170009865176,2.486024334100625,0.0,3.4922722788556397,0.8286747780335415
Amadou Onana,Aston Villa,MID,1624,3,0,17,9,78.0,5.0,58.57758620689655,43.55911330049261,0.9421182266009852,0.0,0.16625615763546797,9.58743842364532,4.544334975369458,0.2770935960591133,2.6600985221674875,3.0480295566502464,0.4433497536945813,8.36822660098522,2.0504926108374386,0.0,2.2167487684729066,1.7733990147783252
Axel Disasi,Aston Villa,DEF,853,1,0,4,0,0.0,0.0,71.53575615474796,0.0,0.42203985932004684,0.0,0.10550996483001171,0.0,0.0,0.0,0.0,1.5826494724501758,0.0,0.0,0.0,0.0,2.9542790152403287,0.5275498241500586
Boubacar Kamara,Aston Villa,MID,1725,1,0,10,0,88.0,0.0,61.77391304347827,63.54782608695652,0.5217391304347826,0.0,0.05217391304347826,14.243478260869566,6.730434782608696,0.1565217391304348,0.5217391304347826,2.608695652173913,1.4086956521739131,8.243478260869566,1.7217391304347824,0.0,2.4521739130434783,0.0
Diego Carlos,Aston Villa,DEF,828,0,0,4,0,0.0,0.0,73.91304347826087,0.0,0.43478260869565216,0.0,0.0,0.0,0.0,0.0,0.0,0.8695652173913043,0.0,0.0,0.0,0.0,3.8043478260869565,1.1956521739130435
Emiliano Martínez,Aston Villa,GKP,3195,0,0,0,0,0.0,0.0,44.59154929577465,0.0,0.0,0.0,0.0,0.0,0.0,0.0,0.0,0.08450704225352113,0.0,0.0,0.0,2.8169014084507045,0.5633802816901409,0.05633802816901408
Ezri Konsa,Aston Villa,DEF,2937,2,0,11,11,85.0,10.0,60.88866189989785,59.5097037793667,0.33707865168539325,0.0,0.061287027579162406,12.900919305413687,7.1092951991828395,0.12257405515832481,0.3983656792645556,1.041879468845761,1.3789581205311543,3.5852911133810013,4.106230847803881,0.0,3.278855975485189,0.2757916241062308
Ian Maatsen,Aston Villa,DEF,1128,1,2,19,4,90.0,5.0,77.87234042553192,151.35638297872342,1.5159574468085106,0.1595744680851064,0.0797872340425532,31.1968085106383,18.111702127659573,0.0797872340425532,0.0,2.3138297872340425,1.356382978723404,8.058510638297873,8.457446808510639,0.0,2.154255319148936,0.8776595744680851
Jacob Ramsey,Aston Villa,MID,1628,1,3,19,8,85.0,13.0,45.88452088452088,42.45700245700246,1.0503685503685503,0.16584766584766586,0.05528255528255528,18.187960687960686,10.06142506142506,0.386977886977887,1.2714987714987716,1.6584766584766584,0.11056511056511056,7.905405405405406,0.9398034398034397,0.0,0.44226044226044225,0.7186732186732187
Jhon Durán,Aston Villa,FWD,626,7,0,31,0,0.0,0.0,42.412140575079874,0.0,4.456869009584664,0.0,1.0063897763578273,0.0,0.0,0.0,0.0,1.1501597444089455,0.0,0.0,0.0,0.0,1.7252396166134185,2.0127795527156547
John McGinn,Aston Villa,MID,2230,1,4,31,20,75.0,21.0,47.90582959641255,25.26457399103139,1.251121076233184,0.16143497757847533,0.04035874439461883,11.017937219730943,5.569506726457399,0.40358744394618834,0.8475336322869955,1.3318385650224216,0.3632286995515695,8.233183856502242,3.591928251121076,0.0,0.5650224215246636,1.73542600896861
Lamare Bogarde,Aston Villa,DEF,475,0,0,1,0,0.0,0.0,65.93684210526315,0.0,0.18947368421052632,0.0,0.0,0.0,0.0,0.0,0.0,2.6526315789473682,0.0,0.0,0.0,0.0,2.2736842105263158,1.5157894736842106
Leon Bailey,Aston Villa,MID,1143,1,2,28,1,86.0,10.0,47.24409448818898,55.11811023622047,2.204724409448819,0.15748031496062992,0.07874015748031496,14.409448818897639,7.086614173228346,0.15748031496062992,0.47244094488188976,0.5511811023622047,1.1023622047244095,12.04724409448819,3.0708661417322833,0.0,0.6299212598425197,0.9448818897637795
Lucas Digne,Aston Villa,DEF,2358,0,4,13,6,79.0,10.0,60.534351145038165,53.70229007633588,0.4961832061068702,0.15267175572519084,0.0,8.969465648854962,3.8167938931297707,0.6870229007633587,0.8778625954198473,2.480916030534351,0.6870229007633587,11.488549618320612,4.0458015267175576,0.0,3.2061068702290076,0.8015267175572519
Marco Asensio,Aston Villa,DEF,745,3,1,24,0,0.0,0.0,49.89261744966443,0.0,2.899328859060403,0.12080536912751677,0.36241610738255037,0.0,0.0,0.0,0.0,0.8456375838926173,0.0,0.0,0.0,0.0,0.36241610738255037,1.3288590604026846
Marcus Rashford,Aston Villa,MID,1426,6,3,35,17,80.0,5.0,44.55820476858345,49.98597475455821,2.208976157082749,0.18934081346423562,0.37868162692847124,20.38569424964937,11.171107994389901,0.3155680224403927,3.281907433380084,1.072931276297335,0.3155680224403927,14.32678821879383,3.723702664796634,0.0,0.5680224403927069,0.5680224403927069
Matty Cash,Aston Villa,DEF,2077,1,1,13,6,82.0,3.0,54.20799229658161,63.61097737120847,0.5633124699085219,0.043331728454501686,0.043331728454501686,15.729417428984112,6.456427539720751,0.12999518536350504,0.3033220991815118,2.4265767934520945,2.339913336543091,6.586422725084256,4.809821858449688,0.0,2.5132402503610978,1.1699566682715454
Morgan Rogers,Aston Villa,MID,3129,8,10,55,6,80.0,8.0,43.950143815915624,40.84372003835092,1.581975071907958,0.28763183125599234,0.23010546500479387,8.830297219558965,5.378715244487057,0.23010546500479387,0.23010546500479387,1.236816874400767,1.0354745925215725,4.343240651965484,1.9271332694151486,0.0,0.5177372962607862,1.4381591562799616
Ollie Watkins,Aston Villa,FWD,2610,16,8,84,17,84.0,14.0,27.03448275862069,9.862068965517242,2.896551724137931,0.27586206896551724,0.5517241379310345,4.9655172413793105,2.8620689655172415,0.06896551724137931,0.4482758620689655,0.3448275862068965,0.20689655172413793,4.0,0.5517241379310345,0.0,0.48275862068965514,1.0
Pau Torres,Aston Villa,DEF,2020,0,0,8,15,61.0,12.0,69.54950495049505,11.62871287128713,0.3564356435643564,0.0,0.0,2.762376237623762,0.8465346534653465,0.0,0.0,0.9356435643564357,0.04455445544554455,4.945544554455446,6.861386138613861,0.0,3.297029702970297,0.3564356435643564
Ross Barkley,Aston Villa,MID,569,3,1,16,0,0.0,0.0,77.97891036906854,0.0,2.530755711775044,0.15817223198594024,0.47451669595782076,0.0,0.0,0.0,0.0,2.2144112478031635,0.0,0.0,0.0,0.0,0.7908611599297013,1.265377855887522
Tyrone Mings,Aston Villa,DEF,1121,0,0,9,0,82.0,0.0,64.95093666369313,82.45316681534345,0.7225691347011597,0.0,0.0,21.35593220338983,10.758251561106155,0.08028545941123996,5.459411239964317,0.5619982158786797,3.3719892952720785,15.655664585191792,5.218554861730597,0.0,4.7368421052631575,0.32114183764495985
Youri Tielemans,Aston Villa,MID,3032,3,7,41,6,85.0,7.0,74.71306068601584,21.431398416886545,1.2170184696569921,0.20778364116094988,0.08905013192612138,4.571240105540897,2.908970976253298,0.029683377308707123,1.6325857519788918,2.4934036939313984,0.3265171503957784,2.641820580474934,0.41556728232189977,0.0,1.3654353562005277,1.2170184696569921
Adam Smith,Bournemouth,DEF,1596,0,0,3,0,79.0,0.0,48.214285714285715,29.661654135338345,0.16917293233082706,0.0,0.0,5.413533834586466,2.932330827067669,0.05639097744360902,1.8609022556390977,1.3533834586466165,0.8458646616541353,4.962406015037594,1.6353383458646615,0.0,2.142857142857143,1.0714285714285714
Alex Scott,Bournemouth,MID,751,0,0,15,0,0.0,0.0,62.676431424766974,0.0,1.7976031957390146,0.0,0.0,0.0,0.0,0.0,0.0,3.2356857523302263,0.0,0.0,0.0,0.0,1.3182423435419441,2.03728362183755
Antoine Semenyo,Bournemouth,MID,3209,0,5,125,2,81.0,0.0,51.857276410096595,45.6590838267373,3.505765035836709,0.14023060143346838,0.0,12.480523527578686,8.24555936428794,0.028046120286693673,4.767840448737925,1.5425366157681522,1.7388594577750078,8.02119040199439,2.1875973823621067,0.0,0.9535680897475849,2.047366780928638
Dango Ouattara,Bournemouth,MID,2006,7,0,62,18,75.0,11.0,47.19840478564308,51.011964107676974,2.781655034895314,0.0,0.3140578265204387,11.485543369890328,5.8325024925224325,0.08973080757726819,3.320039880358923,1.5702891326021933,1.9740777666999003,13.90827517447657,6.146560319042871,0.0,2.153539381854437,0.7178464606181455
David Brooks,Bournemouth,MID,949,2,0,25,4,84.0,17.0,56.04847207586934,151.83350895679663,2.3709167544783982,0.0,0.18967334035827185,44.193888303477344,26.174920969441516,0.18967334035827185,1.1380400421496313,1.327713382507903,4.836670179135933,8.914646996838778,10.621707060063224,0.0,0.8535300316122234,1.0432033719704954
Dean Huijsen,Bournemouth,DEF,2422,3,2,18,15,90.0,8.0,75.95375722543353,54.847233691164334,0.6688687035507844,0.07431874483897605,0.11147811725846407,15.681255161023946,8.398018166804295,0.18579686209744012,1.263418662262593,1.3377374071015689,0.9289843104872008,6.391412056151941,2.3781998348472335,0.0,7.208918249380678,1.151940545004129
Evanilson,Bournemouth,FWD,2335,0,1,73,5,93.0,18.0,24.282655246252673,62.942184154175585,2.8137044967880085,0.03854389721627409,0.0,14.993576017130621,7.708779443254818,0.23126338329764454,0.19271948608137046,0.6167023554603854,0.9250535331905781,4.586723768736617,2.119914346895075,0.0,0.8094218415417559,1.4261241970021414
Illia Zabarnyi,Bournemouth,DEF,3113,0,0,12,29,70.0,14.0,60.48185030517186,19.659492451011886,0.34693221972373917,0.0,0.0,7.025377449405719,4.221008673305493,0.37584323803405073,1.5901060070671378,1.503372952136203,0.26019916479280436,5.868936716993254,2.573080629617732,0.0,5.175072277545776,0.578220366206232
Julián Araujo,Bournemouth,DEF,497,0,0,0,0,0.0,0.0,51.24748490945674,0.0,0.0,0.0,0.0,0.0,0.0,0.0,0.0,1.8108651911468814,0.0,0.0,0.0,0.0,2.8973843058350104,1.267605633802817
Justin Kluivert,Bournemouth,MID,2356,0,0,63,21,80.0,17.0,44.96179966044143,19.1383701188455,2.4066213921901527,0.0,0.0,4.7750424448217315,2.7504244482173177,0.038200339558573854,0.42020373514431236,0.8786078098471987,0.22920203735144315,5.271646859083192,5.539049235993208,0.0,0.8786078098471987,1.7954159592529713
Kepa,Bournemouth,GKP,2790,0,0,1,0,0.0,0.0,38.61290322580645,0.0,0.03225806451612903,0.0,0.0,0.0,0.0,0.0,0.0,0.03225806451612903,0.0,0.0,0.0,3.129032258064516,1.1612903225806452,0.06451612903225806
Lewis Cook,Bournemouth,MID,2978,1,3,14,3,91.0,0.0,59.385493619879114,58.448623237071864,0.4231027535258563,0.09066487575554062,0.03022162525184688,11.816655473472128,6.074546675621223,0.06044325050369376,0.1511081262592344,2.447951645399597,0.39288112827400945,1.3901947615849564,2.508394895903291,0.0,1.9946272666218938,1.480859637340497
Marcos Senesi,Bournemouth,DEF,1108,0,0,3,16,79.0,17.0,74.5667870036101,36.227436823104696,0.24368231046931407,0.0,0.0,12.915162454873647,8.447653429602887,0.7310469314079422,2.7617328519855593,3.167870036101083,0.40613718411552346,8.772563176895307,1.7057761732851984,0.0,4.7111913357400725,1.7870036101083033
Marcus Tavernier,Bournemouth,MID,1938,3,5,57,5,81.0,6.0,60.51083591331269,27.352941176470587,2.6470588235294117,0.23219814241486067,0.1393188854489164,6.826625386996904,3.436532507739938,0.2786377708978328,0.46439628482972134,2.043343653250774,1.2538699690402477,5.1083591331269345,1.9040247678018576,0.0,0.4179566563467492,1.5789473684210527
Mark Travers,Bournemouth,GKP,450,0,0,0,0,0.0,0.0,35.0,0.0,0.0,0.0,0.0,0.0,0.0,0.0,0.0,0.0,0.0,0.0,0.0,4.0,1.8,0.0
Milos Kerkez,Bournemouth,DEF,3342,2,5,19,61,74.0,22.0,60.96947935368043,31.104129263913826,0.5116696588868941,0.13464991023339318,0.05385996409335727,12.980251346499102,7.1095152603231595,0.5116696588868941,2.1005385996409336,1.400359066427289,0.24236983842010773,7.782764811490125,0.6193895870736086,0.0,2.666068222621185,0.0
Ryan Christie,Bournemouth,MID,2131,2,3,33,1,84.0,0.0,62.12576255279212,26.184889723134678,1.3937118723603943,0.12670107930549038,0.08446738620366025,5.828249648052558,3.1675269826372596,0.04223369310183012,1.7315814171750352,2.280619427498827,0.7179727827311122,5.068043172219616,0.9291412482402628,0.0,2.069450961989676,1.8160488033786955
Tyler Adams,Bournemouth,MID,1965,0,3,9,9,84.0,7.0,63.801526717557245,26.83969465648855,0.4122137404580153,0.13740458015267176,0.0,14.33587786259542,8.106870229007633,0.366412213740458,0.8702290076335878,3.8015267175572522,0.366412213740458,12.229007633587786,1.6030534351145038,0.0,1.6946564885496183,2.0610687022900764
Bryan Mbeumo,Brentford,MID,3415,20,7,85,23,84.0,9.0,50.46852122986823,15.759882869692534,2.240117130307467,0.18448023426061494,0.527086383601757,8.433382137628112,5.060029282576867,0.1054172767203514,1.4758418740849195,1.2913616398243044,0.07906295754026355,5.587115666178624,0.7906295754026355,0.0,1.3440702781844802,0.6588579795021963
Christian Nørgaard,Brentford,MID,2829,5,0,39,12,91.0,12.0,59.90455991516437,10.498409331919406,1.2407211028632026,0.0,0.15906680805938495,2.9268292682926833,1.4316012725344642,0.06362672322375398,0.12725344644750797,2.513255567338282,0.22269353128313893,2.576882290562036,1.2089077412513256,0.0,2.0360551431601275,1.3997879109225875
Ethan Pinnock,Brentford,DEF,1913,2,0,10,32,72.0,14.0,64.45373758494512,16.04286461055933,0.47046523784631467,0.0,0.09409304756926293,5.927861996863566,2.9168844746471514,0.18818609513852586,0.0,1.6466283324621014,0.047046523784631464,6.868792472556194,4.939884997386304,0.0,6.539466806063774,0.3763721902770517
Keane Lewis-Potter,Brentford,MID,3101,1,3,28,2,83.0,0.0,49.71622057400839,22.260561109319575,0.8126410835214446,0.08706868752015479,0.029022895840051594,5.195098355369235,2.6410835214446955,0.029022895840051594,1.1028700419219606,1.4221218961625284,0.928732666881651,4.150274105127378,1.3930990003224766,0.0,1.9155111254434054,0.5224121251209287
Kevin Schade,Brentford,MID,2301,0,2,55,0,85.0,0.0,38.29204693611474,40.599739243807036,2.1512385919165578,0.07822685788787484,0.0,5.084745762711864,3.0508474576271185,0.11734028683181225,0.9778357235984354,1.5254237288135593,0.469361147327249,3.6766623207301175,1.486310299869622,0.0,0.0,0.8213820078226858
Kristoffer Ajer,Brentford,DEF,1441,0,0,9,2,89.0,0.0,51.839000693962525,45.655794587092295,0.5621096460791117,0.0,0.0,8.868841082581541,3.9347675225537824,0.12491325468424705,0.8743927827897293,1.6238723108952118,0.18736988202637056,2.9354614850798058,0.9993060374739764,0.0,2.9354614850798058,0.8119361554476059
Mads Roerslev,Brentford,DEF,1096,0,0,5,5,89.0,0.0,55.01824817518248,99.6897810218978,0.4105839416058394,0.0,0.0,24.06021897810219,11.25,0.16423357664233576,4.352189781021898,1.478102189781022,1.9708029197080292,11.496350364963504,1.9708029197080292,0.0,2.545620437956204,0.4927007299270073
Mark Flekken,Brentford,GKP,3276,0,2,0,0,0.0,0.0,54.560439560439555,0.0,0.0,0.054945054945054944,0.0,0.0,0.0,0.0,0.0,0.10989010989010989,0.0,0.0,0.0,4.2032967032967035,1.2637362637362637,0.0
Mathias Jensen,Brentford,MID,852,0,2,6,0,0.0,0.0,63.48591549295775,0.0,0.6338028169014085,0.2112676056338028,0.0,0.0,0.0,0.0,0.0,1.4788732394366197,0.0,0.0,0.0,0.0,1.3732394366197183,0.7394366197183099
Michael Kayode,Brentford,DEF,528,0,0,2,0,0.0,0.0,57.44318181818182,0.0,0.34090909090909094,0.0,0.0,0.0,0.0,0.0,0.0,2.8977272727272725,0.0,0.0,0.0,0.0,2.8977272727272725,1.3636363636363638
Mikkel Damsgaard,Brentford,MID,2926,2,10,35,5,80.0,11.0,62.56322624743677,41.52426520847573,1.076555023923445,0.30758714969241285,0.061517429938482575,13.103212576896787,8.36637047163363,0.061517429938482575,4.060150375939849,2.552973342447027,1.3841421736158577,6.367053998632946,2.3684210526315788,0.0,0.0,0.5536568694463432
Nathan Collins,Brentford,DEF,3420,2,3,17,7,81.0,3.0,65.6842105263158,22.36842105263158,0.44736842105263164,0.07894736842105263,0.052631578947368425,6.921052631578947,4.105263157894737,0.026315789473684213,1.3947368421052633,1.0526315789473684,0.8157894736842105,6.473684210526316,1.8421052631578947,0.0,5.789473684210526,0.763157894736842
Sepp van den Berg,Brentford,DEF,2588,0,0,20,8,82.0,6.0,56.61514683153014,11.545595054095827,0.6955177743431221,0.0,0.0,6.329211746522411,3.0950540958268933,0.0695517774343122,1.4258114374034003,1.3562596599690881,0.2782071097372488,3.999227202472952,0.38253477588871715,0.0,4.55564142194745,0.7998454404945905
Vitaly Janelt,Brentford,MID,2266,1,3,14,2,82.0,0.0,52.546337157987644,18.78640776699029,0.5560458958517212,0.11915269196822596,0.03971756398940865,4.488084730803177,2.502206531332745,0.0,1.1120917917034423,1.5092674315975285,0.3177405119152692,3.6142983230361874,1.5887025595763458,0.0,1.9064430714916154,0.9532215357458077
Yehor Yarmoliuk,Brentford,MID,1442,0,0,9,43,79.0,21.0,63.4119278779473,35.13869625520111,0.5617198335644937,0.0,0.0,15.228848821081831,7.427184466019418,0.31206657420249656,1.2482662968099862,3.058252427184466,0.49930651872399445,12.295423023578364,4.119278779472954,0.0,1.9348127600554785,1.1858529819694867
Yoane Wissa,Brentford,FWD,2927,19,0,90,13,86.0,7.0,31.363170481721898,59.436282883498464,2.767338571916638,0.0,0.5842159207379569,11.68431841475914,5.534677143833276,0.7379569525111036,0.8609497779296208,0.676460539801845,0.7072087461564742,8.916979842842501,1.2914246668944311,0.0,0.5842159207379569,1.0454390160573965
Adam Webster,Brighton & Hove Albion,DEF,888,0,0,5,0,0.0,0.0,85.13513513513513,0.0,0.5067567567567567,0.0,0.0,0.0,0.0,0.0,0.0,1.0135135135135134,0.0,0.0,0.0,0.0,4.0540540540540535,0.7094594594594594
Bart Verbruggen,Brighton & Hove Albion,GKP,3240,0,0,0,0,0.0,0.0,41.361111111111114,0.0,0.0,0.0,0.0,0.0,0.0,0.0,0.0,0.0,0.0,0.0,0.0,2.5277777777777777,1.277777777777778,0.0
Brajan Gruda,Brighton & Hove Albion,MID,681,1,4,11,0,0.0,0.0,52.0704845814978,0.0,1.4537444933920705,0.5286343612334802,0.13215859030837004,0.0,0.0,0.0,0.0,2.1145374449339207,0.0,0.0,0.0,0.0,0.6607929515418502,0.9251101321585903
Carlos Baleba,Brighton & Hove Albion,MID,2670,3,1,44,9,89.0,4.0,61.92134831460674,21.202247191011235,1.4831460674157304,0.033707865168539325,0.10112359550561799,4.213483146067416,1.8876404494382024,0.1348314606741573,0.40449438202247195,2.662921348314607,0.2696629213483146,3.6067415730337076,0.7752808988764045,0.0,1.449438202247191,1.348314606741573
Danny Welbeck,Brighton & Hove Albion,FWD,2122,10,0,60,2,79.0,0.0,33.54853911404335,63.704052780395855,2.5447690857681433,0.0,0.4241281809613572,11.748350612629594,5.640904806786051,0.0,0.3393025447690858,1.1027332704995287,1.3996229971724787,4.665409990574929,8.609802073515551,0.0,0.5937794533459001,0.46654099905749297
Diego Gómez,Brighton & Hove Albion,MID,512,1,0,9,0,0.0,0.0,74.1796875,0.0,1.58203125,0.0,0.17578125,0.0,0.0,0.0,0.0,3.69140625,0.0,0.0,0.0,0.0,1.7578125,1.40625
Georginio Rutter,Brighton & Hove Albion,MID,1666,5,3,50,8,77.0,7.0,39.921968787515006,16.74669867947179,2.701080432172869,0.16206482593037214,0.27010804321728693,6.914765906362544,3.943577430972389,0.054021608643457376,1.134453781512605,2.106842737094838,0.27010804321728693,5.402160864345738,1.0264105642256904,0.0,0.6482593037214885,1.8367346938775508
Igor Julio,Brighton & Hove Albion,DEF,960,0,0,1,18,85.0,24.0,77.90625,64.78125,0.09375,0.0,0.0,34.03125,19.875,0.1875,2.9062500000000004,0.46875,1.875,30.75,2.53125,0.0,3.5625,0.84375
Jack Hinshelwood,Brighton & Hove Albion,MID,1846,5,2,18,2,92.0,25.0,59.57746478873239,45.731310942578546,0.8775731310942578,0.09750812567713976,0.2437703141928494,10.140845070422536,4.777898158179848,0.0,0.04875406283856988,1.3163596966413869,0.6338028169014085,3.4615384615384617,0.7800650054171181,0.0,1.8039003250270855,0.8775731310942578
Jan Paul van Hecke,Brighton & Hove Albion,DEF,2959,1,0,17,2,91.0,0.0,80.44947617438324,29.138222372423115,0.5170665765461304,0.0,0.03041568097330179,6.326461642446773,3.2544778641432917,0.0,0.0,1.3687056437985805,0.48665089557282865,1.429537005745184,1.3991213247718823,0.0,4.227779655288949,0.7603920243325448
João Pedro,Brighton & Hove Albion,FWD,1953,10,0,47,5,87.0,3.0,48.70967741935484,36.35944700460829,2.1658986175115205,0.0,0.4608294930875576,9.262672811059907,4.6082949308755765,0.4147465437788018,1.751152073732719,0.7373271889400922,0.6451612903225806,10.32258064516129,1.336405529953917,0.0,0.5529953917050692,1.1981566820276497
Joël Veltman,Brighton & Hove Albion,DEF,1699,0,0,6,12,91.0,13.0,63.143025309005296,133.91406709829312,0.31783402001177163,0.0,0.0,38.77575044143614,21.453796350794587,0.31783402001177163,1.1653914067098292,2.27781047675103,2.3307828134196584,9.164214243672749,5.085344320188346,0.0,3.2842848734549737,1.4302530900529724
Kaoru Mitoma,Brighton & Hove Albion,FWD,2608,10,4,57,14,81.0,4.0,51.03911042944785,36.16564417177914,1.9670245398773005,0.13803680981595093,0.3450920245398773,13.665644171779142,7.902607361963191,0.17254601226993865,2.622699386503067,1.552914110429448,0.7246932515337423,7.833588957055214,2.1395705521472395,0.0,0.24156441717791413,1.3803680981595092
Lewis Dunk,Brighton & Hove Albion,DEF,2083,0,0,12,1,85.0,0.0,92.9380700912146,56.73067690830533,0.5184829572731637,0.0,0.0,12.14114258281325,7.301968314930388,0.17282765242438788,1.8578972635621698,0.7345175228036487,0.7777244359097455,6.9131060969755165,2.6356216994719155,0.0,3.3701392222755637,0.30244839174267885
Mats Wieffer,Brighton & Hove Albion,MID,1008,1,0,9,3,85.0,20.0,80.98214285714286,108.03571428571428,0.8035714285714285,0.0,0.08928571428571427,21.517857142857142,12.5,0.17857142857142855,1.9642857142857142,5.178571428571428,1.9642857142857142,8.571428571428571,6.964285714285714,0.0,2.232142857142857,2.0535714285714284
Matt O'Riley,Brighton & Hove Albion,MID,937,2,0,22,10,90.0,11.0,53.21237993596585,131.59018143009604,2.113127001067236,0.0,0.192102454642476,31.696905016008536,13.735325506937032,0.0,0.576307363927428,1.536819637139808,3.1696905016008534,6.915688367129135,8.452508004268944,0.0,0.8644610458911419,1.536819637139808
Pervis Estupiñán,Brighton & Hove Albion,DEF,2403,1,1,28,16,89.0,13.0,74.9438202247191,31.91011235955056,1.048689138576779,0.03745318352059925,0.03745318352059925,10.112359550561797,4.269662921348314,0.26217228464419473,0.9737827715355805,2.4344569288389515,0.33707865168539325,4.906367041198502,0.449438202247191,0.0,2.134831460674157,1.348314606741573
Simon Adingra,Brighton & Hove Albion,MID,1091,2,2,33,26,84.0,12.0,48.8359303391384,68.71677360219981,2.722273143904675,0.16498625114573787,0.16498625114573787,28.212648945921174,14.353803849679192,0.32997250229147573,3.299725022914757,1.8973418881759851,0.41246562786434465,14.436296975252061,1.4848762603116406,0.0,0.4949587534372135,1.0724106324472962
Tariq Lamptey,Brighton & Hove Albion,DEF,860,2,2,6,0,0.0,0.0,58.1860465116279,0.0,0.627906976744186,0.20930232558139533,0.20930232558139533,0.0,0.0,0.0,0.0,1.7790697674418605,0.0,0.0,0.0,0.0,2.197674418604651,1.569767441860465
Yankuba Minteh,Brighton & Hove Albion,MID,1841,6,4,34,8,85.0,7.0,45.56219445953286,43.99782726778925,1.6621401412275938,0.1955458989679522,0.2933188484519283,11.53720803910918,5.426398696360673,0.48886474741988045,1.075502444323737,2.3465507876154263,0.9777294948397609,10.070613796849539,1.808799565453558,0.0,1.3688212927756653,1.0266159695817492
Yasin Ayari,Brighton & Hove Albion,MID,1966,2,1,28,2,88.0,0.0,59.96948118006104,33.83011190233977,1.281790437436419,0.04577822990844354,0.09155645981688708,9.750762970498474,3.3875890132248223,0.18311291963377416,0.7324516785350966,2.700915564598169,0.595116988809766,6.958290946083418,0.8240081383519837,0.0,1.1444557477110886,1.6937945066124112
Christopher Nkunku,Chelsea,MID,911,3,0,25,23,84.0,18.0,48.013172338090016,54.03951701427003,2.469813391877058,0.0,0.29637760702524696,31.613611416026348,12.250274423710207,0.29637760702524696,7.310647639956093,1.1855104281009878,1.1855104281009878,16.498353457738748,4.248079034028541,0.0,0.8891328210757409,1.5806805708013172
Cole Palmer,Chelsea,MID,3195,15,8,126,2,92.0,50.0,56.478873239436616,30.056338028169016,3.5492957746478875,0.22535211267605632,0.4225352112676056,6.338028169014085,3.267605633802817,0.05633802816901408,0.0,0.9577464788732394,0.36619718309859156,0.8450704225352113,0.9859154929577465,0.0,0.5352112676056338,0.4225352112676056
Enzo Fernández,Chelsea,MID,2946,6,7,53,60,68.0,20.0,71.08961303462321,11.456211812627291,1.6191446028513239,0.21384928716904275,0.18329938900203666,3.085539714867617,1.374745417515275,0.03054989816700611,0.09164969450101833,1.985743380855397,0.15274949083503056,3.391038696537678,3.29938900203666,0.0,0.6109979633401222,1.5885947046843178
Filip Jørgensen,Chelsea,GKP,540,0,0,0,0,0.0,0.0,35.333333333333336,0.0,0.0,0.0,0.0,0.0,0.0,0.0,0.0,0.0,0.0,0.0,0.0,3.333333333333333,0.0,0.16666666666666669
Jadon Sancho,Chelsea,MID,1764,3,0,24,3,81.0,33.0,53.6734693877551,30.867346938775512,1.2244897959183674,0.0,0.15306122448979592,5.408163265306122,3.214285714285714,0.0,0.9183673469387754,0.6632653061224489,0.20408163265306123,3.2653061224489797,3.7244897959183674,0.0,0.3571428571428571,0.30612244897959184
Levi Colwill,Chelsea,DEF,3149,2,1,17,4,82.0,7.0,84.74118767862814,39.38393140679581,0.4858685296919657,0.028580501746586218,0.057161003493172435,7.288027945379485,3.8583677357891393,0.08574150523975865,1.3718640838361384,1.3432835820895521,1.171800571610035,5.8875833597967615,2.143537630993966,0.0,3.3153382026040012,1.28612257859638
Malo Gusto,Chelsea,DEF,1858,0,0,22,2,94.0,0.0,80.21528525296017,83.41227125941873,1.0656620021528525,0.0,0.0,22.282023681377826,13.127018299246503,0.193756727664155,0.5328310010764262,2.1797631862217437,0.43595263724434874,2.6641550053821312,3.196986006458558,0.0,1.9375672766415502,0.9687836383207751
Marc Cucurella,Chelsea,DEF,2989,5,1,24,7,84.0,20.0,69.88624958179993,52.42221478755437,0.7226497156239545,0.03011040481766477,0.15055202408832385,11.682837069253932,5.570424891267982,0.2107728337236534,0.391435262629642,2.0173971227835397,0.8430913348946136,4.697223151555704,3.8541318166610905,0.0,2.4088323854131817,1.1140849782535964
Moisés Caicedo,Chelsea,MID,3356,1,2,20,22,81.0,11.0,72.97079856972586,32.529797377830754,0.5363528009535161,0.05363528009535161,0.026817640047675805,9.14481525625745,5.283075089392134,0.5095351609058403,1.2067938021454112,3.0572109654350417,0.6168057210965435,6.597139451728248,2.574493444576877,0.0,1.4213349225268177,1.8772348033373065
Nicolas Jackson,Chelsea,FWD,2238,10,5,76,32,84.0,9.0,30.924932975871315,24.08847184986595,3.0563002680965146,0.20107238605898123,0.40214477211796246,14.557640750670242,9.73190348525469,0.040214477211796246,2.5335120643431637,0.8847184986595175,0.40214477211796246,8.36461126005362,1.2064343163538873,0.0,0.6032171581769437,1.4075067024128685
Noni Madueke,Chelsea,MID,2046,7,3,80,7,82.0,0.0,47.375366568914956,47.99120234604105,3.5190615835777126,0.13196480938416422,0.30791788856304986,15.219941348973606,8.621700879765395,0.04398826979472141,2.771260997067449,1.099706744868035,1.0117302052785924,10.865102639296188,3.0791788856304985,0.0,0.4398826979472141,0.967741935483871
Pedro Neto,Chelsea,MID,2268,4,0,59,8,76.0,5.0,49.36507936507937,57.14285714285714,2.341269841269841,0.0,0.15873015873015872,14.087301587301587,7.976190476190475,0.15873015873015872,5.277777777777778,0.9126984126984127,1.4285714285714284,8.452380952380953,1.3888888888888888,0.0,0.15873015873015872,0.8333333333333333
Reece James,Chelsea,DEF,1064,1,0,11,6,88.0,20.0,83.31766917293233,40.516917293233085,0.9304511278195489,0.0,0.08458646616541353,9.981203007518797,5.244360902255639,0.0,0.9304511278195489,0.8458646616541353,0.7612781954887218,6.428571428571428,3.1296992481203008,0.0,1.776315789473684,0.6766917293233082
Robert Sánchez,Chelsea,GKP,2880,0,0,0,0,0.0,0.0,45.09375000000001,0.0,0.0,0.0,0.0,0.0,0.0,0.0,0.0,0.0,0.0,0.0,0.0,2.96875,1.125,0.0625
Roméo Lavia,Chelsea,MID,801,0,1,2,0,0.0,0.0,59.10112359550562,0.0,0.2247191011235955,0.11235955056179775,0.0,0.0,0.0,0.0,0.0,2.471910112359551,0.0,0.0,0.0,0.0,1.1235955056179774,1.797752808988764
Tosin Adarabioyo,Chelsea,DEF,1404,1,1,13,3,87.0,0.0,86.41025641025641,106.73076923076923,0.8333333333333333,0.06410256410256411,0.06410256410256411,24.80769230769231,13.782051282051281,0.0,0.8333333333333333,1.0897435897435896,1.6025641025641026,9.807692307692308,5.128205128205129,0.0,5.064102564102564,0.5128205128205129
Trevoh Chalobah,Chelsea,DEF,1974,3,1,18,2,85.0,0.0,64.69604863221885,48.14589665653495,0.8206686930091185,0.04559270516717326,0.13677811550151975,10.395136778115502,4.240121580547113,0.09118541033434652,0.13677811550151975,1.4133738601823709,1.4589665653495443,9.346504559270517,2.2340425531914896,0.0,4.741641337386018,0.8662613981762919
Wesley Fofana,Chelsea,DEF,1176,0,0,3,8,82.0,0.0,73.92857142857143,76.76020408163265,0.22959183673469385,0.0,0.0,15.38265306122449,7.270408163265307,0.30612244897959184,2.295918367346939,0.9948979591836735,2.372448979591837,17.98469387755102,9.260204081632653,0.0,3.979591836734694,1.8367346938775508
Adam Wharton,Crystal Palace,MID,1326,0,2,13,5,79.0,0.0,61.9683257918552,46.08597285067873,0.8823529411764706,0.13574660633484165,0.0,9.841628959276019,5.090497737556561,0.3393665158371041,1.2217194570135748,2.3076923076923075,1.3574660633484164,7.873303167420814,1.5610859728506787,0.0,1.8325791855203621,0.8144796380090499
Chris Richards,Crystal Palace,DEF,1924,1,0,12,35,65.0,29.0,53.7006237006237,22.64033264033264,0.5613305613305614,0.0,0.04677754677754678,3.414760914760915,1.496881496881497,0.09355509355509356,0.04677754677754678,2.1985446985446986,0.2338877338877339,4.677754677754678,11.226611226611228,0.0,5.285862785862786,0.5145530145530146
Daichi Kamada,Crystal Palace,MID,1553,0,0,20,7,89.0,4.0,57.14101738570509,115.55698647778493,1.159047005795235,0.0,0.0,24.861558274307793,9.446233097231165,0.0,0.17385705086928527,2.7237604636188024,1.5647134578235673,6.027044430135222,12.981326464906632,0.0,0.8113329040566645,1.622665808113329
Daniel Muñoz,Crystal Palace,DEF,3233,4,5,37,24,86.0,17.0,58.65450046396536,13.50139189607176,1.0300030931023818,0.13918960717599754,0.11135168574079803,4.2035261367151255,1.6981132075471697,0.0,0.08351376430559851,3.4240643365295393,0.13918960717599754,3.6746056294463347,1.3640581503247757,0.0,2.6167646149087536,1.5589236003711722
Dean Henderson,Crystal Palace,GKP,3420,0,0,1,0,0.0,0.0,37.026315789473685,0.0,0.026315789473684213,0.0,0.0,0.0,0.0,0.0,0.0,0.052631578947368425,0.0,0.0,0.0,2.736842105263158,1.0526315789473684,0.0
Eberechi Eze,Crystal Palace,MID,2600,8,8,102,16,76.0,7.0,54.9,8.134615384615385,3.5307692307692307,0.27692307692307694,0.27692307692307694,3.9461538461538463,2.526923076923077,0.06923076923076923,0.17307692307692307,1.3499999999999999,0.10384615384615385,4.11923076923077,2.042307692307692,0.0,0.27692307692307694,0.45
Eddie Nketiah,Crystal Palace,FWD,1026,3,0,43,1,87.0,0.0,40.78947368421053,86.57894736842105,3.7719298245614032,0.0,0.2631578947368421,22.894736842105264,9.736842105263158,0.2631578947368421,0.5263157894736842,1.3157894736842104,1.5789473684210527,14.82456140350877,4.7368421052631575,0.0,0.8771929824561403,0.0
Ismaïla Sarr,Crystal Palace,MID,2714,8,6,59,2,88.0,0.0,39.72733971997052,25.036845983787764,1.9565217391304348,0.19896831245394253,0.26529108327192336,5.338983050847458,2.586588061901253,0.0,0.03316138540899042,0.7295504789977892,0.29845246868091374,1.5917464996315402,1.094325718496684,0.0,1.260132645541636,0.46425939572586583
Jean-Philippe Mateta,Crystal Palace,FWD,2654,14,2,70,5,83.0,9.0,28.315749811605126,18.685003767897513,2.373775433308214,0.06782215523737754,0.4747550866616428,7.019593067068576,3.8997739261492086,0.16955538809344387,1.2886209495101735,0.6103993971363979,0.33911077618688773,6.646571213262999,0.9834212509419744,0.0,0.746043707611153,0.9155990957045969
Jefferson Lerma,Crystal Palace,MID,2277,0,1,26,1,86.0,8.0,58.300395256917,28.932806324110672,1.0276679841897234,0.039525691699604744,0.0,7.430830039525691,3.7944664031620556,0.039525691699604744,0.3952569169960474,1.383399209486166,1.1067193675889329,7.154150197628458,1.383399209486166,0.0,3.08300395256917,1.383399209486166
Jordan Ayew,Crystal Palace,MID,1664,5,0,33,1,82.0,0.0,50.67908653846154,41.862980769230774,1.7848557692307692,0.0,0.27043269230769235,10.979567307692307,5.5168269230769225,0.10817307692307693,1.2980769230769231,0.0,1.0276442307692306,7.788461538461538,2.2175480769230766,0.0,0.9735576923076923,1.6766826923076923
Justin Devenny,Crystal Palace,MID,496,1,1,10,0,0.0,0.0,52.25806451612904,0.0,1.814516129032258,0.1814516129032258,0.1814516129032258,0.0,0.0,0.0,0.0,3.0846774193548385,0.0,0.0,0.0,0.0,1.995967741935484,1.4516129032258065
Marc Guéhi,Crystal Palace,DEF,3059,3,2,15,0,77.0,0.0,64.903563255966,20.977443609022554,0.44132069303694016,0.058842759071592025,0.08826413860738803,5.884275907159203,3.030402092186989,0.0,0.32363517489375615,1.7947041516835567,0.41189931350114417,2.9421379535796013,1.8241255312193527,0.0,4.5897352075841775,0.7061131088591043
Maxence Lacroix,Crystal Palace,DEF,3118,1,1,30,3,87.0,0.0,57.46953175112252,56.22835150737652,0.8659397049390635,0.028864656831302116,0.028864656831302116,10.910840282232199,6.119307248236049,0.0,0.11545862732520847,1.962796664528544,1.0968569595894804,2.886465683130212,4.878127004490057,0.0,5.85952533675433,0.981398332264272
Nathaniel Clyne,Crystal Palace,DEF,481,0,0,2,0,0.0,0.0,51.642411642411645,0.0,0.37422037422037424,0.0,0.0,0.0,0.0,0.0,0.0,2.2453222453222454,0.0,0.0,0.0,0.0,2.4324324324324325,0.37422037422037424
Tyrick Mitchell,Crystal Palace,DEF,3102,0,5,12,1,88.0,0.0,53.32688588007738,19.584139264990327,0.3481624758220503,0.1450676982591876,0.0,5.367504835589942,2.6982591876208897,0.0,0.029013539651837523,2.640232108317215,0.20309477756286265,0.6673114119922631,1.4796905222437136,0.0,2.7562862669245645,0.6673114119922631
Will Hughes,Crystal Palace,MID,2118,0,3,22,3,95.0,33.0,54.30594900849858,108.22946175637394,0.9348441926345609,0.1274787535410765,0.0,20.39660056657224,11.04815864022663,0.042492917847025496,0.1274787535410765,2.8045325779036827,0.8923512747875354,5.8215297450424925,4.2492917847025495,0.0,1.1048158640226629,2.7620396600566575
Abdoulaye Doucouré,Everton,MID,2577,3,2,31,10,83.0,10.0,42.9918509895227,30.558789289871942,1.0826542491268918,0.06984866123399301,0.10477299185098952,6.984866123399302,3.771827706635623,0.0,0.8032596041909197,1.6763678696158324,0.3492433061699651,7.334109429569266,2.619324796274738,0.0,0.6635622817229336,1.7112922002328288
Adam Armstrong,Everton,FWD,1252,2,2,26,9,84.0,8.0,29.11341853035144,19.337060702875398,1.8690095846645367,0.1437699680511182,0.1437699680511182,6.829073482428115,3.0191693290734825,0.0,1.0063897763578273,0.8626198083067093,0.21565495207667731,5.175718849840256,1.0063897763578273,0.0,0.5750798722044728,0.8626198083067093
Ashley Young,Everton,DEF,1869,1,3,6,0,86.0,0.0,59.6147672552167,32.31139646869984,0.28892455858747995,0.14446227929373998,0.04815409309791332,6.260032102728732,3.033707865168539,0.0,0.4815409309791332,2.792937399678973,1.1075441412520064,3.8041733547351524,1.9743178170144464,0.0,2.696629213483146,1.4446227929373996
Beto,Everton,FWD,1528,8,0,49,7,80.0,7.0,35.39921465968586,56.25,2.886125654450262,0.0,0.47120418848167545,18.43586387434555,9.18848167539267,0.6479057591623036,2.827225130890052,0.8246073298429318,0.3534031413612565,11.956806282722514,2.532722513089005,0.0,1.413612565445026,1.943717277486911
Carlos Alcaraz,Everton,MID,770,2,3,27,0,0.0,0.0,50.142857142857146,0.0,3.1558441558441555,0.35064935064935066,0.23376623376623376,0.0,0.0,0.0,0.0,1.2857142857142856,0.0,0.0,0.0,0.0,1.168831168831169,1.6363636363636362
Dominic Calvert-Lewin,Everton,FWD,1613,3,1,50,26,71.0,15.0,33.25480471171729,19.696218226906385,2.789832610043397,0.05579665220086794,0.16738995660260383,8.760074395536268,4.128952262864228,0.16738995660260383,0.22318660880347177,0.5021698698078115,0.05579665220086794,11.047737135771854,5.97024178549287,0.0,1.2833230006199627,1.5065096094234345
Dwight McNeil,Everton,MID,1371,4,0,25,29,82.0,8.0,54.28884026258206,60.0,1.6411378555798688,0.0,0.26258205689277897,26.12691466083151,11.553610503282277,0.7221006564551423,1.9037199124726476,0.8533916849015317,0.7221006564551423,19.431072210065643,2.8884026258205693,0.0,0.13129102844638948,0.3938730853391685
Idrissa Gueye,Everton,MID,3067,0,3,27,0,93.0,0.0,56.635148353439845,20.922725790674928,0.7923051842191067,0.0880339093576785,0.0,6.455820019563091,4.16693837626345,0.0880339093576785,0.11737854581023802,3.902836648190414,0.11737854581023802,0.9390283664819041,0.41082491033583307,0.0,0.9977176393870232,1.6139550048907727
Iliman Ndiaye,Everton,FWD,2440,9,0,37,7,92.0,4.0,45.959016393442624,60.27049180327869,1.3647540983606559,0.0,0.33196721311475413,16.081967213114755,7.155737704918033,0.2581967213114754,0.6270491803278688,1.9549180327868854,0.47950819672131145,5.127049180327869,0.9221311475409836,0.0,0.5532786885245902,0.8852459016393444
Jack Harrison,Everton,MID,2083,1,0,29,10,85.0,28.0,44.97839654344695,40.74411905904945,1.2530004800768122,0.0,0.04320691310609697,6.567450792126741,3.1973115698511765,0.0,0.6481036965914546,1.382621219395103,0.6913106096975515,3.5429668746999523,1.555448871819491,0.0,1.3394143062890063,0.5616898703792607
Jake O'Brien,Everton,MID,1569,2,0,6,1,92.0,33.0,52.54302103250478,41.81644359464627,0.3441682600382409,0.0,0.1147227533460803,7.80114722753346,3.78585086042065,0.17208413001912046,0.1147227533460803,1.4913957934990438,0.3441682600382409,2.6959847036328872,1.3766730401529637,0.0,5.105162523900574,0.7456978967495219
James Garner,Everton,MID,1594,0,1,12,7,78.0,8.0,57.8168130489335,69.61731493099121,0.6775407779171895,0.05646173149309912,0.0,11.969887076537013,6.3801756587202005,0.05646173149309912,3.1618569636135505,2.653701380175659,2.5972396486825597,10.671267252195733,7.057716436637391,0.0,1.9196988707653704,1.1292346298619824
James Tarkowski,Everton,DEF,2924,1,0,15,6,92.0,7.0,54.5109439124487,26.932284541723668,0.46169630642954856,0.0,0.030779753761969904,4.801641586867305,1.908344733242134,0.0,0.2770177838577291,1.9699042407660738,0.40013679890560877,2.185362517099863,0.7079343365253078,0.0,6.4329685362517095,1.0772913816689467
Jarrad Branthwaite,Everton,DEF,2510,0,1,10,37,79.0,15.0,55.86454183266932,25.099601593625497,0.35856573705179284,0.035856573705179286,0.0,13.266932270916335,7.673306772908366,0.250996015936255,2.151394422310757,1.2908366533864541,0.5737051792828686,11.796812749003985,2.151394422310757,0.0,6.7410358565737045,0.43027888446215135
Jesper Lindstrøm,Everton,MID,1240,0,1,28,7,90.0,18.0,49.28225806451613,74.83064516129032,2.032258064516129,0.07258064516129033,0.0,20.540322580645164,10.233870967741936,0.14516129032258066,0.7258064516129032,3.266129032258065,1.4516129032258065,12.629032258064516,3.629032258064516,0.0,1.0161290322580645,1.0887096774193548
Jordan Pickford,Everton,GKP,3420,0,0,0,0,0.0,0.0,47.94736842105263,0.0,0.0,0.0,0.0,0.0,0.0,0.0,0.0,0.026315789473684213,0.0,0.0,0.0,3.210526315789474,1.368421052631579,0.0
Michael Keane,Everton,DEF,1046,3,0,10,2,91.0,0.0,44.5697896749522,68.5755258126195,0.8604206500956023,0.0,0.25812619502868067,16.175908221797325,6.625239005736137,0.0,0.0,1.0325047801147227,0.8604206500956023,4.130019120458891,3.3556405353728493,0.0,5.592734225621415,0.7743785850860421
Orel Mangala,Everton,MID,1255,1,0,16,13,88.0,9.0,47.54581673306773,71.64143426294821,1.1474103585657371,0.0,0.07171314741035857,23.8804780876494,9.609561752988046,0.07171314741035857,1.00398406374502,1.1474103585657371,2.151394422310757,12.836653386454183,5.665338645418327,0.0,1.5059760956175299,1.7211155378486054
Tim Iroegbunam,Everton,MID,564,0,0,5,0,0.0,0.0,49.62765957446809,0.0,0.797872340425532,0.0,0.0,0.0,0.0,0.0,0.0,4.627659574468085,0.0,0.0,0.0,0.0,1.7553191489361701,2.393617021276596
Vitalii Mykolenko,Everton,DEF,3084,1,0,14,4,84.0,7.0,50.89494163424124,29.620622568093385,0.40856031128404674,0.0,0.029182879377431907,6.157587548638133,2.4513618677042803,0.08754863813229571,0.8463035019455253,1.8385214007782102,0.7879377431906615,3.2101167315175094,0.933852140077821,0.0,3.939688715953307,0.6420233463035019
Adama Traoré,Fulham,MID,1769,2,7,39,12,81.0,5.0,45.17806670435274,24.624081401921988,1.9841718485019784,0.3561334087054833,0.10175240248728094,16.026003391746748,9.513849632560769,0.30525720746184287,5.087620124364047,1.0175240248728095,0.05087620124364047,9.768230638778972,2.645562464669305,0.0,0.2035048049745619,1.2210288298473715
Alex Iwobi,Fulham,MID,2994,9,0,68,29,80.0,13.0,59.60921843687375,41.362725450901806,2.0440881763527057,0.0,0.27054108216432865,15.66132264529058,8.446893787575151,0.45090180360721444,3.727454909819639,1.3226452905811623,0.42084168336673344,6.673346693386774,1.1422845691382766,0.0,0.8416833667334669,0.5711422845691383
Andreas Pereira,Fulham,MID,2022,2,4,39,3,88.0,0.0,53.63501483679525,68.59050445103858,1.7359050445103859,0.17804154302670622,0.08902077151335311,12.106824925816024,7.4777448071216615,0.17804154302670622,3.783382789317507,1.0682492581602374,0.9347181008902077,4.7626112759643915,0.9347181008902077,0.0,0.7121661721068249,1.2462908011869436
Antonee Robinson,Fulham,DEF,3167,0,10,16,1,89.0,0.0,75.2226081465109,30.6630880959899,0.4546889801073571,0.2841806125670982,0.0,8.212819703189139,3.15440479949479,0.028418061256709818,0.3694347963372277,2.699715819387433,0.5399431638774866,2.188190716766656,0.625197347647616,0.0,3.495421534575308,0.0
Bernd Leno,Fulham,GKP,3420,0,1,0,0,0.0,0.0,41.73684210526316,0.0,0.0,0.026315789473684213,0.0,0.0,0.0,0.0,0.0,0.052631578947368425,0.0,0.0,0.0,2.894736842105263,0.8421052631578948,0.0
Calvin Bassey,Fulham,DEF,3074,1,0,14,11,83.0,7.0,74.24853610930384,7.231620039037086,0.40988939492517895,0.0,0.029277813923227067,2.4593363695510733,1.317501626545218,0.058555627846454135,0.08783344176968119,1.5810019518542615,0.058555627846454135,3.19128171763175,1.1418347430058555,0.0,3.3083929733246586,0.7612231620039037
Emile Smith Rowe,Fulham,MID,2061,6,3,37,2,86.0,14.0,55.851528384279476,43.493449781659386,1.6157205240174672,0.13100436681222707,0.26200873362445415,11.659388646288209,4.672489082969432,0.043668122270742356,0.08733624454148471,1.3537117903930131,0.5240174672489083,2.7947598253275108,2.0087336244541483,0.0,0.6986899563318777,0.8296943231441049
Harry Wilson,Fulham,MID,1157,6,0,43,4,89.0,0.0,49.39498703543647,78.02074330164218,3.34485738980121,0.0,0.46672428694900603,16.879861711322388,7.389801210025929,0.3111495246326707,1.0112359550561798,1.5557476231633536,0.700086430423509,6.378565254969749,1.0890233362143475,0.0,0.700086430423509,0.9334485738980121
Issa Diop,Fulham,DEF,1335,0,0,5,2,79.0,0.0,61.41573033707865,24.9438202247191,0.33707865168539325,0.0,0.0,11.662921348314606,5.662921348314607,0.06741573033707865,0.5393258426966292,1.752808988764045,0.4719101123595506,10.112359550561797,1.6853932584269664,0.0,4.719101123595506,0.6741573033707865
Joachim Andersen,Fulham,DEF,2663,0,0,20,3,87.0,0.0,83.34209538114908,11.423206909500562,0.6759294029290274,0.0,0.0,5.069470521967706,2.940292902741269,0.0,0.6083364626361246,0.0,0.20277882087870822,4.292151708599324,0.6759294029290274,0.0,6.522718738265114,0.6759294029290274
Kenny Tete,Fulham,DEF,1779,0,2,24,18,83.0,7.0,63.74367622259697,52.00674536256324,1.2141652613827993,0.10118043844856661,0.0,13.507588532883643,6.728499156829679,0.7588532883642496,3.9966273187183807,2.833052276559865,0.35413153456998314,6.424957841483979,1.0623946037099494,0.0,3.136593591905565,1.7706576728499155
Raúl Jiménez,Fulham,FWD,2505,0,3,96,33,73.0,13.0,39.91616766467066,22.095808383233532,3.4491017964071857,0.10778443113772455,0.0,6.574850299401198,3.0538922155688626,0.10778443113772455,0.8263473053892215,1.2574850299401197,0.35928143712574845,7.832335329341317,6.934131736526946,0.0,0.8263473053892215,1.401197604790419
Reiss Nelson,Fulham,MID,488,1,1,12,0,0.0,0.0,69.34426229508196,0.0,2.2131147540983607,0.18442622950819673,0.18442622950819673,0.0,0.0,0.0,0.0,1.6598360655737705,0.0,0.0,0.0,0.0,0.36885245901639346,1.290983606557377
Rodrigo Muniz,Fulham,FWD,951,8,1,39,12,82.0,6.0,35.110410094637224,94.54258675078863,3.690851735015773,0.0946372239747634,0.7570977917981072,24.60567823343849,11.92429022082019,0.7570977917981072,2.176656151419558,0.9463722397476341,2.839116719242902,21.861198738170344,4.826498422712934,0.0,1.3249211356466877,1.0410094637223974
Ryan Sessegnon,Fulham,DEF,580,4,2,14,0,0.0,0.0,60.36206896551724,0.0,2.1724137931034484,0.3103448275862069,0.6206896551724138,0.0,0.0,0.0,0.0,4.189655172413794,0.0,0.0,0.0,0.0,2.0172413793103448,3.103448275862069
Sander Berge,Fulham,MID,2227,0,0,3,12,86.0,11.0,58.03322855859902,59.12438257745847,0.12123933542882803,0.0,0.0,15.195330040413111,6.3852716659182756,0.28289178266726533,1.21239335428828,2.0206555904804673,1.3740458015267174,8.850471486304446,1.0103277952402336,0.0,1.4952851369555455,1.2528064660978895
Sasa Lukic,Fulham,MID,2355,0,2,18,21,87.0,2.0,59.0828025477707,29.159235668789808,0.6878980891719745,0.07643312101910828,0.0,18.0,9.78343949044586,0.19108280254777069,2.6751592356687897,2.5987261146496814,0.22929936305732482,7.872611464968152,0.11464968152866241,0.0,1.2229299363057324,2.522292993630573
Timothy Castagne,Fulham,DEF,1643,0,1,8,2,87.0,0.0,65.40474741326841,74.11442483262326,0.4382227632379793,0.054777845404747415,0.0,21.034692635423006,12.325015216068168,0.054777845404747415,2.848447961046866,2.519780888618381,1.2598904443091905,11.448569689592208,3.3962264150943393,0.0,4.108338405356056,0.8216676810712112
Tom Cairney,Fulham,MID,615,2,0,11,0,0.0,0.0,104.34146341463415,0.0,1.6097560975609757,0.0,0.2926829268292683,0.0,0.0,0.0,0.0,1.9024390243902438,0.0,0.0,0.0,0.0,0.43902439024390244,1.170731707317073
Alex Palmer,Ipswich Town,MID,1170,0,0,0,0,0.0,0.0,40.30769230769231,0.0,0.0,0.0,0.0,0.0,0.0,0.0,0.0,0.0,0.0,0.0,0.0,3.4615384615384617,1.6153846153846152,0.07692307692307693
Arijanet Muric,Ipswich Town,GKP,1620,0,0,0,0,0.0,0.0,42.94444444444444,0.0,0.0,0.0,0.0,0.0,0.0,0.0,0.0,0.0,0.0,0.0,0.0,3.833333333333333,1.1111111111111112,0.0
Axel Tuanzebe,Ipswich Town,DEF,1717,0,0,4,1,88.0,0.0,52.993593476994754,52.993593476994754,0.20966802562609202,0.0,0.0,10.850320326150262,5.398951659871869,0.052417006406523005,0.20966802562609202,1.6249271986022131,0.6290040768782761,2.5160163075131043,5.136866627839255,0.0,2.830518345952242,0.8910891089108911
Ben Johnson,Ipswich Town,DEF,1348,1,2,7,2,86.0,0.0,44.06528189910979,39.39169139465876,0.46735905044510384,0.13353115727002968,0.06676557863501484,6.142433234421365,4.005934718100891,0.06676557863501484,1.1350148367952522,2.537091988130564,1.0682492581602374,4.473293768545994,1.8026706231454006,0.0,3.538575667655786,1.8026706231454006
Cameron Burgess,Ipswich Town,DEF,1540,0,2,10,11,88.0,7.0,58.09090909090909,75.97402597402596,0.5844155844155845,0.11688311688311688,0.0,24.253246753246753,11.688311688311687,0.40909090909090906,0.525974025974026,0.9935064935064936,2.688311688311688,17.123376623376625,3.857142857142857,0.0,7.305194805194805,0.0
Christian Walton,Ipswich Town,GKP,630,0,0,0,0,0.0,0.0,42.285714285714285,0.0,0.0,0.0,0.0,0.0,0.0,0.0,0.0,0.0,0.0,0.0,0.0,2.8571428571428568,0.5714285714285714,0.0
Conor Chaplin,Ipswich Town,MID,854,1,1,16,0,0.0,0.0,43.31381733021077,0.0,1.6861826697892273,0.1053864168618267,0.1053864168618267,0.0,0.0,0.0,0.0,1.5807962529274004,0.0,0.0,0.0,0.0,0.3161592505854801,1.1592505854800936
Dara O'Shea,Ipswich Town,DEF,3123,0,0,22,13,71.0,15.0,59.45244956772334,6.455331412103747,0.6340057636887608,0.0,0.0,1.8443804034582132,1.1815561959654177,0.02881844380403458,0.08645533141210375,1.4121037463976944,0.11527377521613832,3.2564841498559076,1.5561959654178676,0.0,6.282420749279538,0.6051873198847262
George Hirst,Ipswich Town,FWD,649,3,0,14,0,0.0,0.0,30.092449922958398,0.0,1.9414483821263484,0.0,0.41602465331278893,0.0,0.0,0.0,0.0,0.41602465331278893,0.0,0.0,0.0,0.0,1.386748844375963,1.802773497688752
Jack Clarke,Ipswich Town,FWD,1170,0,4,17,7,73.0,3.0,48.07692307692307,39.46153846153846,1.3076923076923077,0.3076923076923077,0.0,16.846153846153847,10.076923076923077,0.3076923076923077,6.846153846153846,2.4615384615384617,0.7692307692307693,16.307692307692307,2.4615384615384617,0.0,1.7692307692307692,1.1538461538461537
Jack Taylor,Ipswich Town,MID,838,1,0,19,0,0.0,0.0,59.39140811455847,0.0,2.0405727923627683,0.0,0.10739856801909309,0.0,0.0,0.0,0.0,2.1479713603818613,0.0,0.0,0.0,0.0,2.2553699284009547,1.7183770883054894
Jacob Greaves,Ipswich Town,DEF,2205,1,0,10,15,76.0,19.0,59.061224489795926,34.44897959183673,0.40816326530612246,0.0,0.04081632653061225,12.857142857142856,7.020408163265306,0.20408163265306123,4.857142857142858,1.6326530612244898,0.5306122448979592,7.387755102040816,0.8571428571428572,0.0,5.877551020408164,0.653061224489796
Jaden Philogene,Ipswich Town,MID,800,2,0,19,0,0.0,0.0,45.675,0.0,2.1375,0.0,0.225,0.0,0.0,0.0,0.0,2.8125,0.0,0.0,0.0,0.0,0.9,2.25
Jens Cajuste,Ipswich Town,MID,1976,1,1,12,10,79.0,0.0,49.645748987854255,15.850202429149798,0.5465587044534413,0.04554655870445344,0.04554655870445344,4.9645748987854255,2.7327935222672064,0.04554655870445344,1.7307692307692308,2.004048582995951,0.5465587044534413,7.697368421052632,0.8198380566801619,0.0,1.5030364372469638,1.0931174089068827
Julio Enciso,Ipswich Town,MID,1164,2,3,52,9,84.0,10.0,54.66494845360824,54.123711340206185,4.020618556701031,0.23195876288659795,0.15463917525773196,42.21649484536083,28.298969072164947,0.6185567010309279,4.561855670103093,0.9278350515463918,0.30927835051546393,23.50515463917526,1.0051546391752577,0.0,0.5412371134020619,0.9278350515463918
Kalvin Phillips,Ipswich Town,MID,1239,0,0,11,8,84.0,3.0,57.167070217917676,23.825665859564165,0.7990314769975787,0.0,0.0,15.835351089588379,10.096852300242132,0.0,1.8886198547215496,2.542372881355932,0.4358353510895884,13.002421307506054,2.905569007263922,0.0,2.542372881355932,2.0338983050847457
Leif Davis,Ipswich Town,DEF,2746,1,2,16,1,93.0,0.0,53.7836853605244,24.81063364894392,0.5243991260014567,0.06554989075018208,0.03277494537509104,6.784413692643845,3.6380189366351057,0.06554989075018208,0.03277494537509104,1.5076474872541878,0.5899490167516388,1.7698470502549164,1.0487982520029133,0.0,2.327021121631464,0.8849235251274582
Liam Delap,Ipswich Town,FWD,2612,0,2,68,6,90.0,12.0,28.288667687595712,45.275650842266465,2.343032159264931,0.06891271056661562,0.0,12.025267993874426,7.718223583460949,0.17228177641653905,0.3101071975497703,0.3790199081163859,1.1026033690658499,3.238897396630934,0.9992343032159265,0.0,0.9647779479326186,2.4808575803981623
Luke Woolfenden,Ipswich Town,DEF,1186,0,0,1,2,82.0,0.0,53.27150084317032,33.541315345699836,0.07588532883642496,0.0,0.0,8.195615514333895,4.629005059021923,0.0,2.3524451939291735,0.6829679595278246,0.30354131534569984,5.463743676222597,1.8212478920741988,0.0,5.767284991568297,0.3794266441821248
Nathan Broadhead,Ipswich Town,MID,696,2,0,13,0,0.0,0.0,46.939655172413794,0.0,1.6810344827586208,0.0,0.25862068965517243,0.0,0.0,0.0,0.0,1.1637931034482758,0.0,0.0,0.0,0.0,0.646551724137931,0.5172413793103449
Omari Hutchinson,Ipswich Town,MID,2590,3,2,45,6,90.0,6.0,48.61389961389961,16.783783783783786,1.5637065637065637,0.0694980694980695,0.10424710424710425,3.9613899613899615,1.3552123552123552,0.0,0.2084942084942085,1.111969111969112,0.7297297297297298,3.3011583011583014,0.4864864864864865,0.0,0.24324324324324326,0.0
Sam Morsy,Ipswich Town,MID,2753,1,1,13,12,77.0,19.0,57.667998547039595,6.113330911732655,0.42499091899745733,0.03269160915365056,0.03269160915365056,1.9941881583726844,0.9480566654558664,0.0,0.2615328732292045,2.2230294224482385,0.1961496549219034,2.5499455139847442,0.5557573556120596,0.0,1.4384308027606247,1.5691972393752271
Sam Szmodics,Ipswich Town,FWD,1001,4,0,21,1,92.0,0.0,31.198801198801196,106.90309690309691,1.8881118881118881,0.0,0.3596403596403596,29.310689310689312,13.486513486513488,0.26973026973026976,0.26973026973026976,1.4385614385614385,1.8881118881118881,12.13786213786214,4.495504495504496,0.0,1.078921078921079,0.8091908091908093
Abdul Fatawu,Leicester City,MID,577,0,2,13,0,0.0,0.0,59.58405545927209,0.0,2.027729636048527,0.3119584055459272,0.0,0.0,0.0,0.0,0.0,3.2755632582322356,0.0,0.0,0.0,0.0,1.8717504332755635,1.7157712305025996
Bilal El Khannouss,Leicester City,MID,2193,2,3,30,3,89.0,10.0,55.77291381668947,38.16689466484269,1.231190150478796,0.12311901504787962,0.08207934336525308,9.151846785225718,3.365253077975376,0.2051983584131327,0.04103967168262654,2.0519835841313268,0.7797537619699042,7.22298221614227,1.9288645690834474,0.0,0.3693570451436389,0.0
Bobby De Cordova-Reid,Leicester City,MID,742,1,2,7,0,0.0,0.0,35.05390835579515,0.0,0.8490566037735848,0.24258760107816713,0.12129380053908356,0.0,0.0,0.0,0.0,1.091644204851752,0.0,0.0,0.0,0.0,1.2129380053908356,1.091644204851752
Boubakary Soumaré,Leicester City,MID,2170,0,0,7,20,76.0,20.0,63.16589861751152,23.682027649769584,0.2903225806451613,0.0,0.0,8.129032258064516,4.976958525345623,0.0,2.19815668202765,1.534562211981567,0.16589861751152074,6.84331797235023,1.119815668202765,0.0,1.368663594470046,0.9953917050691244
Caleb Okoli,Leicester City,DEF,1122,1,0,4,17,89.0,14.0,66.41711229946523,60.5614973262032,0.32085561497326204,0.0,0.08021390374331551,29.67914438502674,18.128342245989305,0.40106951871657753,5.855614973262032,2.0053475935828877,1.0427807486631016,11.390374331550802,1.0427807486631016,0.0,6.096256684491978,1.2834224598930482
Conor Coady,Leicester City,DEF,1713,1,0,2,1,87.0,0.0,64.41330998248687,29.316987740805605,0.10507880910683012,0.0,0.05253940455341506,6.357267950963222,2.9422066549912436,0.05253940455341506,0.0,0.6830122591943958,0.47285464098073554,1.681260945709282,1.681260945709282,0.0,3.7302977232924692,0.4203152364273205
Facundo Buonanotte,Leicester City,MID,1513,5,2,36,3,91.0,10.0,58.77065432914739,65.67085261070721,2.1414408460013217,0.11896893588896232,0.29742233972240584,13.2650363516193,6.424322538003966,0.4163912756113682,0.23793787177792464,3.1526768010575017,1.903502974223397,11.30204890945142,2.0224719101123596,0.0,0.713813615333774,2.200925313945803
Harry Winks,Leicester City,MID,1540,0,2,10,21,82.0,14.0,69.77922077922078,32.02597402597403,0.5844155844155845,0.11688311688311688,0.0,16.246753246753247,9.175324675324676,0.29220779220779225,2.7467532467532467,1.4025974025974026,0.35064935064935066,8.181818181818182,1.2857142857142856,0.0,1.051948051948052,0.525974025974026
Jakub Stolarczyk,Leicester City,GKP,900,0,0,0,0,0.0,0.0,44.4,0.0,0.0,0.0,0.0,0.0,0.0,0.0,0.0,0.2,0.0,0.0,0.0,2.8,1.6,0.0
James Justin,Leicester City,DEF,2920,2,2,25,17,87.0,23.0,62.66095890410959,35.352739726027394,0.7705479452054794,0.06164383561643836,0.06164383561643836,10.54109589041096,4.530821917808219,0.3698630136986301,1.1095890410958904,1.7876712328767126,0.3698630136986301,7.335616438356165,0.4006849315068493,0.0,3.544520547945205,0.8938356164383563
Jamie Vardy,Leicester City,FWD,2839,9,0,58,3,93.0,40.0,20.003522367030644,53.35329341317365,1.8386755899964777,0.0,0.28531172948221206,7.925325818950334,3.043325114476928,0.0,0.03170130327580134,0.6023247622402255,1.775272983444875,3.1384290243043322,3.455442057062346,0.0,0.760831278619232,0.7925325818950334
Jannik Vestergaard,Leicester City,DEF,1395,0,0,3,3,83.0,0.0,71.87096774193549,76.38709677419355,0.1935483870967742,0.0,0.0,16.838709677419356,10.774193548387096,0.06451612903225806,0.3225806451612903,1.4193548387096775,1.7419354838709677,5.225806451612903,6.774193548387097,0.0,4.774193548387097,0.7741935483870968
Kasey McAteer,Leicester City,MID,852,1,1,13,0,0.0,0.0,44.471830985915496,0.0,1.3732394366197183,0.1056338028169014,0.1056338028169014,0.0,0.0,0.0,0.0,2.4295774647887325,0.0,0.0,0.0,0.0,1.3732394366197183,1.9014084507042253
Luke Thomas,Leicester City,DEF,1112,0,0,5,0,89.0,0.0,64.66726618705036,45.24280575539568,0.40467625899280574,0.0,0.0,12.140287769784171,6.555755395683454,0.0,0.0,2.508992805755396,1.537769784172662,1.537769784172662,2.4280575539568345,0.0,3.6420863309352516,1.2949640287769786
Mads Hermansen,Leicester City,GKP,2385,0,0,0,0,0.0,0.0,47.24528301886792,0.0,0.0,0.0,0.0,0.0,0.0,0.0,0.0,0.03773584905660377,0.0,0.0,0.0,3.8867924528301887,1.2452830188679245,0.0
Oliver Skipp,Leicester City,MID,1120,0,0,5,40,74.0,19.0,51.669642857142854,33.267857142857146,0.40178571428571425,0.0,0.0,13.017857142857144,8.4375,0.08035714285714285,0.5625,1.6875,0.6428571428571428,13.178571428571429,10.125,0.0,0.8035714285714285,1.6875
Patson Daka,Leicester City,FWD,721,1,0,15,0,0.0,0.0,35.325936199722605,0.0,1.8723994452149793,0.0,0.12482662968099861,0.0,0.0,0.0,0.0,2.3717059639389735,0.0,0.0,0.0,0.0,1.3730929264909848,1.8723994452149793
Stephy Mavididi,Leicester City,MID,1613,4,1,26,8,88.0,5.0,53.39739615623063,118.51208927464351,1.4507129572225665,0.05579665220086794,0.22318660880347177,24.885306881587105,13.83756974581525,0.16738995660260383,0.5579665220086795,1.89708617482951,1.6738995660260383,5.579665220086794,6.305021698698078,0.0,0.7253564786112833,1.004339739615623
Victor Kristiansen,Leicester City,DEF,2489,0,1,3,8,92.0,11.0,60.819606267577335,105.69304941743671,0.10847730012053033,0.03615910004017678,0.0,21.22539172358377,11.751707513057452,0.03615910004017678,0.03615910004017678,3.1458417034953796,2.0249096022498994,3.1458417034953796,5.966251506629169,0.0,2.3865006026516675,0.6870229007633587
Wilfred Ndidi,Leicester City,MID,2336,0,5,22,1,81.0,0.0,57.367294520547944,34.28938356164384,0.8476027397260274,0.19263698630136986,0.0,7.358732876712328,3.6601027397260277,0.038527397260273974,0.8861301369863013,3.274828767123288,0.8476027397260274,9.130993150684931,1.425513698630137,0.0,2.851027397260274,1.502568493150685
Wout Faes,Leicester City,DEF,2812,1,0,12,16,69.0,18.0,62.3470839260313,14.210526315789473,0.38406827880512096,0.0,0.032005689900426744,9.057610241820768,5.440967283072546,0.12802275960170698,2.2083926031294454,1.3442389758179232,0.35206258890469416,7.16927453769559,1.6963015647226172,0.0,5.8890469416785205,0.7361308677098151
Alexis Mac Allister,Liverpool,MID,2607,5,5,38,17,86.0,17.0,67.45684695051784,29.48216340621404,1.3118527042577675,0.17261219792865362,0.17261219792865362,13.014959723820484,7.215189873417722,0.10356731875719218,0.5178365937859609,3.2796317606444187,0.37974683544303794,7.525891829689297,0.8630609896432682,0.0,0.0,2.140391254315305
Alisson Becker,Liverpool,GKP,2509,0,0,0,0,0.0,0.0,39.278597050617776,0.0,0.0,0.0,0.0,0.0,0.0,0.0,0.0,0.03587086488640893,0.0,0.0,0.0,2.7979274611398965,1.1119968114786767,0.0
Andy Robertson,Liverpool,DEF,2492,0,0,15,24,78.0,14.0,76.8900481540931,22.825040128410915,0.5417335473515249,0.0,0.0,10.220706260032102,7.439807383627608,0.10834670947030497,2.744783306581059,1.4085072231139648,0.21669341894060995,7.006420545746389,2.2030497592295344,0.0,1.5168539325842696,0.3972712680577849
Caoimhín Kelleher,Liverpool,GKP,900,0,0,0,0,0.0,0.0,42.5,0.0,0.0,0.0,0.0,0.0,0.0,0.0,0.0,0.0,0.0,0.0,0.0,2.6999999999999997,0.30000000000000004,0.0
Cody Gakpo,Liverpool,FWD,1938,10,4,57,51,83.0,12.0,45.09287925696595,60.83591331269349,2.6470588235294117,0.18575851393188852,0.46439628482972134,25.773993808049532,12.724458204334367,1.021671826625387,3.575851393188855,0.0,0.5108359133126935,11.981424148606813,0.4179566563467492,0.0,0.7430340557275541,0.9287925696594427
Conor Bradley,Liverpool,DEF,748,0,2,10,0,0.0,0.0,83.7433155080214,0.0,1.2032085561497325,0.24064171122994651,0.0,0.0,0.0,0.0,0.0,1.6844919786096255,0.0,0.0,0.0,0.0,3.008021390374332,1.4438502673796794
Curtis Jones,Liverpool,MID,1710,3,3,34,4,83.0,0.0,71.94736842105263,37.78947368421053,1.7894736842105265,0.15789473684210525,0.15789473684210525,8.473684210526317,4.0,0.2105263157894737,0.8421052631578948,2.0526315789473686,0.9473684210526315,8.31578947368421,0.8947368421052633,0.0,0.4210526315789474,0.9473684210526315
Darwin Núñez,Liverpool,FWD,1118,5,0,34,12,82.0,8.0,33.166368515205725,28.014311270125223,2.737030411449016,0.0,0.4025044722719141,12.155635062611806,5.554561717352415,0.24150268336314845,2.6565295169946332,1.6905187835420394,0.4025044722719141,8.211091234347048,1.368515205724508,0.0,0.8855098389982111,2.173524150268336
Diogo Jota,Liverpool,FWD,1194,6,3,51,3,87.0,10.0,40.402010050251256,73.79396984924624,3.844221105527638,0.22613065326633167,0.45226130653266333,21.934673366834172,12.814070351758794,0.15075376884422112,1.8844221105527639,1.0552763819095476,1.5829145728643217,14.924623115577889,2.6381909547738696,0.0,0.45226130653266333,1.7336683417085426
Dominik Szoboszlai,Liverpool,MID,2496,6,6,67,10,83.0,16.0,59.89182692307693,18.209134615384617,2.4158653846153846,0.21634615384615385,0.21634615384615385,7.391826923076923,3.5336538461538463,0.28846153846153844,1.6586538461538463,1.3701923076923077,0.21634615384615385,4.543269230769231,0.721153846153846,0.0,0.5048076923076923,1.5865384615384615
Ibrahima Konaté,Liverpool,DEF,2565,1,2,19,5,87.0,0.0,77.9298245614035,49.1578947368421,0.6666666666666667,0.07017543859649122,0.03508771929824561,9.82456140350877,4.350877192982456,0.07017543859649122,0.2456140350877193,1.4035087719298245,1.6842105263157896,12.24561403508772,1.4035087719298245,0.0,4.385964912280701,0.9473684210526315
Jarell Quansah,Liverpool,DEF,488,0,0,1,0,0.0,0.0,86.68032786885246,0.0,0.18442622950819673,0.0,0.0,0.0,0.0,0.0,0.0,2.2131147540983607,0.0,0.0,0.0,0.0,4.979508196721311,1.6598360655737705
Joe Gomez,Liverpool,DEF,519,0,0,3,0,0.0,0.0,85.14450867052022,0.0,0.5202312138728323,0.0,0.0,0.0,0.0,0.0,0.0,2.254335260115607,0.0,0.0,0.0,0.0,3.294797687861272,0.3468208092485549
Kostas Tsimikas,Liverpool,DEF,833,0,0,4,0,0.0,0.0,82.6530612244898,0.0,0.432172869147659,0.0,0.0,0.0,0.0,0.0,0.0,3.3493397358943575,0.0,0.0,0.0,0.0,1.8367346938775508,0.9723889555822329
Luis Díaz,Liverpool,MID,2410,0,5,71,0,84.0,0.0,49.10788381742738,19.307053941908713,2.6514522821576763,0.18672199170124482,0.0,3.3609958506224067,1.6058091286307052,0.0,0.5601659751037344,1.4564315352697097,0.7842323651452282,3.2489626556016593,0.896265560165975,0.0,0.26141078838174275,1.79253112033195
Mohamed Salah,Liverpool,MID,3377,29,18,130,22,90.0,7.0,49.67722830915013,20.494521764880073,3.4646135623334318,0.4797157240153983,0.7728753331359195,11.593129997038792,6.156351791530945,0.053301747112822026,2.158720758069292,0.5596683446846313,0.10660349422564405,11.593129997038792,1.3591945513769617,0.0,0.13325436778205507,0.6662718389102754
Ryan Gravenberch,Liverpool,MID,3168,0,4,20,9,83.0,6.0,69.94318181818181,21.22159090909091,0.5681818181818181,0.11363636363636365,0.0,3.6931818181818183,1.7613636363636365,0.0,0.2272727272727273,1.960227272727273,0.7386363636363638,5.426136363636363,2.215909090909091,0.0,1.6193181818181819,1.3352272727272727
Trent Alexander-Arnold,Liverpool,DEF,2377,3,6,45,7,86.0,17.0,87.87968026924695,41.42196045435423,1.703828355069415,0.22717711400925536,0.11358855700462768,6.966764829617165,3.5212452671434584,0.07572570466975179,0.37862852334875896,2.7261253681110644,1.0980227177114008,3.937736642827093,2.877576777450568,0.0,1.8174169120740429,0.41649137568363487
Virgil van Dijk,Liverpool,DEF,3330,3,0,27,1,79.0,7.0,90.45945945945947,26.27027027027027,0.7297297297297298,0.0,0.08108108108108109,4.621621621621622,2.8378378378378377,0.05405405405405405,2.6216216216216215,1.027027027027027,1.189189189189189,4.621621621621622,2.3513513513513513,0.0,5.135135135135135,0.45945945945945943
Abdukodir Khusanov,Manchester City,DEF,504,0,0,1,0,0.0,0.0,80.35714285714286,0.0,0.17857142857142855,0.0,0.0,0.0,0.0,0.0,0.0,0.8928571428571428,0.0,0.0,0.0,0.0,5.0,0.5357142857142857
Bernardo Silva,Manchester City,MID,2667,4,0,32,23,59.0,16.0,72.99212598425197,8.90888638920135,1.079865016872891,0.0,0.13498312710911137,3.172103487064117,1.5523059617547805,0.03374578177727784,0.13498312710911137,1.889763779527559,0.13498312710911137,4.926884139482564,6.884139482564679,0.0,0.0,0.9111361079865017
Ederson,Manchester City,GKP,2321,0,0,0,0,0.0,0.0,39.43558810857389,0.0,0.0,0.0,0.0,0.0,0.0,0.0,0.0,0.0,0.0,0.0,0.0,2.093925032313658,0.6204222317966394,0.03877638948728996
Erling Haaland,Manchester City,FWD,2741,22,3,108,6,88.0,20.0,22.852973367384166,33.885443268879975,3.546151039766509,0.09850419554906968,0.7223641006931777,7.420649398029916,3.546151039766509,0.0,0.29551258664720903,0.36118205034658885,0.7880335643925575,2.2984312294782927,3.5133163079168184,0.0,0.7223641006931777,0.7880335643925575
Ilkay Gündogan,Manchester City,MID,2227,1,0,27,1,83.0,0.0,79.33093848226314,68.74270318814548,1.0911540188594522,0.0,0.04041311180960934,23.843735967669513,12.972608890884597,0.24247867085765606,0.24247867085765606,1.0103277952402336,1.6569375841939828,4.243376740008981,4.88998652896273,0.0,0.8890884598114055,0.60619667714414
Jack Grealish,Manchester City,MID,715,1,0,15,0,0.0,0.0,71.74825174825175,0.0,1.8881118881118881,0.0,0.1258741258741259,0.0,0.0,0.0,0.0,1.132867132867133,0.0,0.0,0.0,0.0,0.6293706293706294,0.6293706293706294
Jérémy Doku,Manchester City,MID,1513,3,6,29,6,83.0,0.0,71.91672174487772,122.1810971579643,1.7250495703899535,0.356906807666887,0.1784534038334435,25.875743555849304,13.384005287508263,0.0,0.7732980832782552,1.844018506278916,2.0224719101123596,4.758757435558493,6.900198281559814,0.0,0.11896893588896232,0.5948446794448117
John Stones,Manchester City,DEF,545,2,0,2,0,0.0,0.0,73.9816513761468,0.0,0.3302752293577982,0.0,0.3302752293577982,0.0,0.0,0.0,0.0,0.9908256880733946,0.0,0.0,0.0,0.0,2.9724770642201834,0.3302752293577982
Josko Gvardiol,Manchester City,DEF,3279,5,0,40,4,88.0,7.0,87.66697163769442,32.442817932296435,1.0978956999085088,0.0,0.1372369624885636,7.548032936870998,4.501372369624886,0.05489478499542543,0.768526989935956,1.5919487648673376,0.6038426349496798,5.434583714547118,1.152790484903934,0.0,3.0466605672461116,0.43915827996340345
Kevin De Bruyne,Manchester City,MID,1704,4,7,57,27,64.0,20.0,75.26408450704226,23.661971830985916,3.01056338028169,0.36971830985915494,0.2112676056338028,10.933098591549296,6.390845070422535,0.0528169014084507,2.0070422535211265,0.897887323943662,0.2640845070422535,11.93661971830986,8.97887323943662,0.0,0.4225352112676056,0.897887323943662
Kyle Walker,Manchester City,DEF,967,0,0,5,6,91.0,0.0,84.60186142709411,139.1416752843847,0.4653567735263702,0.0,0.0,48.769389865563596,29.317476732161325,0.4653567735263702,4.746639089968976,1.5822130299896586,1.7683557394002067,24.10548086866598,2.97828335056877,0.0,1.0237849017580145,0.5584281282316442
Manuel Akanji,Manchester City,DEF,2014,0,0,15,4,89.0,5.0,84.90566037735849,40.08440913604766,0.6703078450844091,0.0,0.0,9.428997020854021,4.289970208540218,0.08937437934458788,0.3128103277060576,0.8490566037735848,1.2065541211519364,10.76961271102284,1.608738828202582,0.0,2.7706057596822244,0.759682224428997
Mateo Kovacic,Manchester City,MID,2202,6,2,45,14,85.0,5.0,90.16348773841962,50.51771117166212,1.8392370572207084,0.08174386920980926,0.24523160762942778,16.30790190735695,8.950953678474114,0.3678474114441417,1.6348773841961854,2.8201634877384194,1.1444141689373297,14.795640326975478,0.9809264305177111,0.0,0.8583106267029973,0.9809264305177111
Matheus Nunes,Manchester City,MID,1673,1,0,9,9,77.0,9.0,79.56365809922296,11.996413628212792,0.484160191273162,0.0,0.0537955768081291,6.509264793783622,3.60430364614465,0.1075911536162582,1.2910938433950987,1.8828451882845187,0.1075911536162582,6.186491332934847,0.5917513448894203,0.0,0.0,1.6138673042438734
Nathan Aké,Manchester City,DEF,682,0,0,3,0,0.0,0.0,79.44281524926686,0.0,0.3958944281524927,0.0,0.0,0.0,0.0,0.0,0.0,1.187683284457478,0.0,0.0,0.0,0.0,2.903225806451613,0.26392961876832843
Nico González,Manchester City,MID,763,1,0,9,0,0.0,0.0,86.4613368283093,0.0,1.0615989515072084,0.0,0.11795543905635648,0.0,0.0,0.0,0.0,1.8872870249017037,0.0,0.0,0.0,0.0,2.4770642201834865,1.5334207077326345
Nico O'Reilly,Manchester City,DEF,527,2,0,8,0,0.0,0.0,76.33776091081593,0.0,1.366223908918406,0.0,0.3415559772296015,0.0,0.0,0.0,0.0,1.537001897533207,0.0,0.0,0.0,0.0,1.7077798861480076,1.0246679316888045
Omar Marmoush,Manchester City,FWD,1182,7,0,49,19,84.0,7.0,42.71573604060914,60.0,3.730964467005076,0.0,0.5329949238578681,30.837563451776646,16.97969543147208,0.3045685279187817,5.786802030456852,0.9898477157360407,0.8375634517766497,23.984771573604064,2.512690355329949,0.0,0.22842639593908629,1.1421319796954315
Phil Foden,Manchester City,MID,1779,7,2,54,1,85.0,0.0,61.56829679595278,42.29342327150084,2.7318718381112985,0.10118043844856661,0.35413153456998314,12.647554806070827,5.311973018549747,0.050590219224283306,0.050590219224283306,0.657672849915683,0.7588532883642496,1.6188870151770658,2.8836424957841484,0.0,0.35413153456998314,0.25295109612141653
Rico Lewis,Manchester City,DEF,1891,1,2,10,6,88.0,9.0,74.1988365943945,50.83024854574299,0.47593865679534636,0.09518773135906927,0.047593865679534636,12.088841882601798,4.759386567953464,0.19037546271813854,0.19037546271813854,1.4278159703860394,1.9037546271813854,6.66314119513485,3.2363828662083556,0.0,1.9037546271813854,0.5711263881544156
Rúben Dias,Manchester City,DEF,2269,0,0,21,5,90.0,0.0,99.71793741736448,75.52225650066109,0.8329660643455267,0.0,0.0,20.110180696342002,9.598942265315117,0.31732040546496254,0.2776553547818422,0.6743058616130454,2.379903040987219,11.26487439400617,1.5866020273248127,0.0,2.776553547818422,0.4759806081974438
Savinho,Manchester City,FWD,1770,1,8,55,6,86.0,0.0,61.42372881355932,61.47457627118644,2.7966101694915255,0.4067796610169492,0.05084745762711865,12.050847457627118,6.457627118644068,0.0,0.3559322033898305,1.1694915254237288,1.0677966101694916,4.576271186440678,8.745762711864407,0.0,0.45762711864406774,0.864406779661017
Stefan Ortega,Manchester City,GKP,1099,0,0,0,0,0.0,0.0,42.25659690627843,0.0,0.0,0.0,0.0,0.0,0.0,0.0,0.0,0.0,0.0,0.0,0.0,2.7024567788899,1.1464968152866242,0.0818926296633303
Wes Burns,Manchester City,MID,933,0,1,7,0,91.0,0.0,38.00643086816721,75.33762057877814,0.6752411575562701,0.09646302250803858,0.0,19.774919614147908,9.54983922829582,0.0,0.09646302250803858,1.2540192926045017,1.3504823151125402,7.331189710610932,3.8585209003215435,0.0,1.157556270096463,0.3858520900321543
Alejandro Garnacho,Manchester United,MID,2195,6,2,84,30,83.0,7.0,52.31890660592256,30.751708428246012,3.4441913439635536,0.08200455580865604,0.2460136674259681,18.16400911161731,9.881548974943053,0.08200455580865604,2.2551252847380407,1.2300683371298406,0.5330296127562641,9.758542141230068,1.1070615034168565,0.0,0.41002277904328016,0.4920273348519362
Amad Diallo,Manchester United,MID,1901,8,6,47,6,88.0,18.0,62.446081009994735,37.82745923198317,2.225144660704892,0.2840610205155181,0.3787480273540242,8.900578642819568,4.118884797475014,0.14203051025775906,0.09468700683850605,1.7990531299316148,1.2309310889005787,7.338243029984218,2.556549184639663,0.0,0.7574960547080484,0.9942135718043135
André Onana,Manchester United,GKP,3060,0,0,0,0,0.0,0.0,42.79411764705882,0.0,0.0,0.0,0.0,0.0,0.0,0.0,0.0,0.058823529411764705,0.0,0.0,0.0,2.6470588235294117,0.7058823529411764,0.0
Bruno Fernandes,Manchester United,MID,3024,8,10,96,15,84.0,11.0,82.76785714285714,52.32142857142858,2.8571428571428568,0.2976190476190476,0.23809523809523808,17.529761904761905,7.559523809523809,0.6547619047619048,0.5357142857142857,2.5,0.863095238095238,12.678571428571429,1.130952380952381,0.0,0.8928571428571428,0.9523809523809523
Casemiro,Manchester United,MID,1497,1,0,32,6,81.0,8.0,78.03607214428858,50.080160320641276,1.9238476953907817,0.0,0.06012024048096193,9.559118236472946,3.8476953907815634,0.12024048096192386,0.30060120240480964,4.98997995991984,1.1422845691382766,5.410821643286573,5.410821643286573,0.0,2.885771543086172,1.2024048096192386
Christian Eriksen,Manchester United,MID,1059,1,2,15,16,83.0,13.0,73.51274787535411,118.4702549575071,1.274787535410765,0.16997167138810199,0.08498583569405099,17.25212464589235,7.223796033994335,0.33994334277620397,1.444759206798867,1.6147308781869687,4.164305949008499,17.93201133144476,7.138810198300283,0.0,0.6798866855524079,0.6798866855524079
Diogo Dalot,Manchester United,DEF,2813,0,3,25,13,71.0,12.0,66.00426590828297,9.566299324564522,0.7998578030572342,0.09598293636686812,0.0,3.2954141485958055,2.271596160682545,0.03199431212228937,0.25595449697831496,2.1756132243156774,0.25595449697831496,3.711340206185567,1.727692854603626,0.0,2.0476359758265197,1.2797724848915748
Harry Maguire,Manchester United,DEF,1757,1,0,15,17,78.0,14.0,69.45930563460443,20.43824701195219,0.7683551508252704,0.0,0.051223676721684694,6.556630620375641,2.8685258964143427,0.051223676721684694,0.6146841206602163,1.5367103016505408,0.35856573705179284,4.302788844621514,1.2805919180421172,0.0,3.944223107569721,0.9220261809903245
Joshua Zirkzee,Manchester United,FWD,1392,3,0,28,22,74.0,4.0,41.63793103448276,22.887931034482758,1.8103448275862069,0.0,0.1939655172413793,11.508620689655173,6.788793103448276,0.25862068965517243,0.9698275862068966,0.9051724137931034,0.06465517241379311,11.314655172413794,2.3275862068965516,0.0,0.5172413793103449,0.5818965517241379
Kobbie Mainoo,Manchester United,MID,1656,0,0,15,5,87.0,0.0,62.5,67.6086956521739,0.8152173913043479,0.0,0.0,16.08695652173913,7.771739130434782,0.05434782608695652,0.10869565217391304,2.5,2.1739130434782608,4.836956521739131,4.619565217391305,0.0,0.6521739130434783,1.467391304347826
Leny Yoro,Manchester United,DEF,1162,0,0,5,6,78.0,4.0,70.09466437177281,27.263339070567987,0.3872633390705679,0.0,0.0,14.328743545611015,8.442340791738383,0.3872633390705679,1.93631669535284,0.0,0.2323580034423408,8.984509466437176,1.161790017211704,0.0,3.3304647160068845,0.6970740103270224
Lisandro Martínez,Manchester United,DEF,1754,2,1,17,2,89.0,0.0,79.78905359179019,35.302166476624855,0.8722919042189282,0.05131128848346636,0.10262257696693272,11.493728620296466,5.336374002280502,0.0,0.56442417331813,2.0524515393386547,1.2314709236031927,7.696693272519955,0.8722919042189282,0.0,2.7708095781071838,1.12884834663626
Manuel Ugarte,Manchester United,MID,1789,1,2,19,12,89.0,21.0,62.984907769703746,82.15204024594746,0.955841252096143,0.10061486864169927,0.05030743432084964,12.47624371157071,7.1939631078814985,0.10061486864169927,1.5595304639463388,3.873672442705422,1.4086081609837897,9.558412520961431,4.477361654555618,0.0,0.7546115148127446,2.062604807154835
Mason Mount,Manchester United,MID,621,1,0,20,0,0.0,0.0,52.173913043478265,0.0,2.8985507246376807,0.0,0.14492753623188406,0.0,0.0,0.0,0.0,2.1739130434782608,0.0,0.0,0.0,0.0,0.5797101449275363,2.318840579710145
Matthijs de Ligt,Manchester United,DEF,2128,2,0,18,6,85.0,8.0,69.27631578947368,32.31203007518797,0.7612781954887218,0.0,0.08458646616541353,9.938909774436091,5.075187969924812,0.0,1.6917293233082706,1.268796992481203,0.9727443609022556,6.724624060150377,1.6917293233082706,0.0,3.848684210526316,0.6766917293233082
Noussair Mazraoui,Manchester United,DEF,2848,0,1,13,2,80.0,18.0,70.66011235955057,32.45435393258427,0.410814606741573,0.03160112359550562,0.0,10.45997191011236,6.288623595505618,0.0,1.8644662921348314,3.634129213483146,1.0428370786516854,7.015449438202247,1.0112359550561798,0.0,2.622893258426966,1.2008426966292134
Patrick Dorgu,Manchester United,DEF,842,0,0,10,0,0.0,0.0,69.26365795724466,0.0,1.0688836104513064,0.0,0.0,0.0,0.0,0.0,0.0,3.3135391923990496,0.0,0.0,0.0,0.0,2.030878859857482,1.817102137767221
Rasmus Højlund,Manchester United,FWD,2013,4,0,32,13,87.0,11.0,26.199701937406857,61.56482861400894,1.4307004470938898,0.0,0.17883755588673622,18.7779433681073,10.059612518628912,0.13412816691505217,2.8166915052160957,0.13412816691505217,1.1624441132637855,15.916542473919522,2.324888226527571,0.0,0.26825633383010433,0.760059612518629
Victor Lindelöf,Manchester United,DEF,697,0,0,0,0,0.0,0.0,58.622668579626975,0.0,0.0,0.0,0.0,0.0,0.0,0.0,0.0,0.9038737446197991,0.0,0.0,0.0,0.0,4.648493543758967,1.0329985652797704
Alexander Isak,Newcastle United,FWD,2769,23,0,99,14,87.0,13.0,36.76056338028169,46.28385698808234,3.217768147345612,0.0,0.7475622968580715,7.703141928494041,4.290357529794149,0.19501625135427952,0.6500541711809318,0.39003250270855905,0.7150595882990249,9.848320693391116,1.7551462621885157,0.0,0.5525460455037919,0.8775731310942578
Anthony Gordon,Newcastle United,MID,2444,6,5,59,41,78.0,9.0,51.59165302782324,36.714402618657935,2.172667757774141,0.18412438625204583,0.220949263502455,19.88543371522095,11.231587561374797,0.3314238952536825,2.1358428805237315,1.1783960720130933,0.40507364975450083,14.435351882160392,5.30278232405892,0.0,0.18412438625204583,0.7364975450081833
Bruno Guimarães,Newcastle United,MID,3282,5,0,45,41,74.0,24.0,66.71846435100548,29.945155393053017,1.2340036563071297,0.0,0.13711151736745886,13.738574040219378,7.321755027422303,0.356489945155393,2.7422303473491776,2.2760511882998173,0.38391224862888484,7.568555758683729,3.016453382084095,0.0,1.0968921389396709,1.7824497257769654
Dan Burn,Newcastle United,DEF,3330,1,1,23,20,66.0,11.0,65.43243243243244,13.378378378378379,0.6216216216216216,0.027027027027027025,0.027027027027027025,6.783783783783784,4.1891891891891895,0.13513513513513514,2.3513513513513513,1.0540540540540542,0.29729729729729726,5.297297297297297,2.972972972972973,0.0,5.243243243243243,0.9189189189189189
Fabian Schär,Newcastle United,DEF,2937,4,0,40,12,80.0,14.0,72.31869254341164,15.78140960163432,1.2257405515832482,0.0,0.12257405515832481,6.925434116445352,3.646578140960164,0.21450459652706844,0.3677221654749745,1.1031664964249233,0.3677221654749745,8.764044943820226,1.6853932584269664,0.0,4.0755873340143,1.0725229826353422
Harvey Barnes,Newcastle United,MID,1755,9,4,63,5,87.0,5.0,45.12820512820513,31.58974358974359,3.2307692307692304,0.20512820512820512,0.46153846153846156,9.128205128205128,4.666666666666667,0.05128205128205128,2.41025641025641,0.8205128205128205,0.7692307692307693,5.641025641025641,0.8205128205128205,0.0,0.5641025641025641,0.7692307692307693
Jacob Murphy,Newcastle United,MID,2379,8,12,43,4,87.0,5.0,51.6015132408575,21.525851197982348,1.6267339218158892,0.45397225725094575,0.3026481715006305,8.436317780580076,5.069356872635561,0.11349306431273644,0.45397225725094575,0.0,0.3026481715006305,5.334174022698613,0.7566204287515763,0.0,1.0970996216897857,0.416141235813367
Joe Willock,Newcastle United,MID,1074,0,2,18,11,72.0,11.0,48.770949720670394,33.93854748603352,1.5083798882681565,0.16759776536312848,0.0,7.625698324022346,4.35754189944134,0.5027932960893855,0.33519553072625696,2.513966480446927,0.5027932960893855,8.71508379888268,6.4525139664804465,0.0,0.41899441340782123,1.927374301675978
Joelinton,Newcastle United,MID,2404,4,3,45,7,86.0,9.0,55.33277870216306,58.92678868552412,1.6846921797004992,0.11231281198003328,0.1497504159733777,16.622296173044926,7.599833610648918,0.18718801996672213,1.0482529118136439,2.133943427620632,0.9359400998336106,15.04991680532446,1.4226289517470883,0.0,1.7221297836938436,2.1713810316139766
Kieran Trippier,Newcastle United,DEF,1308,0,3,4,2,87.0,0.0,98.1880733944954,56.28440366972477,0.27522935779816515,0.20642201834862386,0.0,15.963302752293577,7.568807339449541,0.13761467889908258,0.481651376146789,2.614678899082569,1.3073394495412844,13.211009174311927,3.440366972477064,0.0,2.889908256880734,1.1009174311926606
Lewis Hall,Newcastle United,DEF,2192,0,4,11,32,62.0,18.0,78.29835766423358,14.288321167883211,0.4516423357664234,0.16423357664233576,0.0,8.827554744525548,5.501824817518249,0.3284671532846715,0.2052919708029197,2.3813868613138687,0.08211678832116788,11.455291970802918,5.501824817518249,0.0,2.093978102189781,0.3695255474452555
Martin Dúbravka,Newcastle United,GKP,900,0,0,0,0,0.0,0.0,38.0,0.0,0.0,0.0,0.0,0.0,0.0,0.0,0.0,0.0,0.0,0.0,0.0,2.9,0.5,0.0
Nick Pope,Newcastle United,GKP,2520,0,0,0,0,0.0,0.0,34.82142857142857,0.0,0.0,0.0,0.0,0.0,0.0,0.0,0.0,0.0,0.0,0.0,0.0,3.142857142857143,1.892857142857143,0.07142857142857142
Sandro Tonali,Newcastle United,MID,2631,4,2,35,3,88.0,0.0,65.78107183580387,28.63169897377423,1.1972633979475484,0.06841505131128849,0.13683010262257697,6.670467502850627,3.3181299885974913,0.03420752565564424,0.0,1.7445838084378564,0.5131128848346637,2.7708095781071838,2.291904218928164,0.0,0.0,1.2656784492588369
Sean Longstaff,Newcastle United,MID,786,0,0,6,0,0.0,0.0,52.099236641221374,0.0,0.6870229007633587,0.0,0.0,0.0,0.0,0.0,0.0,3.0916030534351147,0.0,0.0,0.0,0.0,0.9160305343511451,1.0305343511450382
Tino Livramento,Newcastle United,DEF,2842,0,1,6,18,75.0,16.0,65.90077410274455,30.05277973258269,0.1900070372976777,0.03166783954961295,0.0,3.071780436312456,1.1400422237860661,0.0,0.4433497536945813,1.710063335679099,0.633356790992259,5.0035186488388455,5.573539760731879,0.0,2.9767769176636176,0.1900070372976777
Álex Moreno,Nottingham Forest,DEF,959,0,1,6,46,77.0,23.0,55.088633993743485,61.751824817518255,0.5630865484880083,0.09384775808133472,0.0,25.151199165797706,13.607924921793536,0.5630865484880083,1.5015641293013555,2.346193952033368,0.28154327424400416,18.957247132429615,7.789363920750782,0.0,3.5662148070907196,1.1261730969760166
Anthony Elanga,Nottingham Forest,MID,2507,6,11,44,19,81.0,10.0,43.65376944555245,29.04268049461508,1.5795771838851216,0.3948942959712804,0.21539688871160748,14.826485839648983,7.502991623454329,0.32309533306741123,2.728360590347028,0.682090147586757,0.25129637016354206,9.728759473474272,0.5743917032309533,0.0,0.7179896290386917,0.32309533306741123
Callum Hudson-Odoi,Nottingham Forest,MID,2201,5,2,37,4,90.0,7.0,45.63380281690141,87.38300772376192,1.5129486597001363,0.0817810086324398,0.2044525215810995,22.89868241708314,13.575647432985008,0.0,0.3271240345297592,0.8995910949568378,0.817810086324398,6.297137664697865,3.1485688323489325,0.0,0.4906860517946388,0.4906860517946388
Chris Wood,Nottingham Forest,FWD,2976,20,3,68,2,86.0,7.0,25.010080645161292,19.868951612903224,2.056451612903226,0.0907258064516129,0.6048387096774194,3.598790322580645,1.6633064516129032,0.24193548387096775,0.7862903225806451,0.1814516129032258,0.21169354838709678,1.6633064516129032,0.24193548387096775,0.0,0.8467741935483871,0.7560483870967741
Elliot Anderson,Nottingham Forest,MID,2742,2,6,40,7,82.0,13.0,65.84245076586433,28.490153172866517,1.3129102844638951,0.19693654266958424,0.06564551422319474,6.367614879649891,4.2013129102844635,0.03282275711159737,1.0831509846827134,3.019693654266958,0.6892778993435449,5.021881838074398,1.2472647702407003,0.0,2.2319474835886215,1.6083150984682713
Ibrahim Sangaré,Nottingham Forest,MID,590,0,0,1,0,0.0,0.0,64.22033898305085,0.0,0.15254237288135591,0.0,0.0,0.0,0.0,0.0,0.0,0.0,0.0,0.0,0.0,0.0,1.9830508474576272,2.288135593220339
Jota Silva,Nottingham Forest,FWD,840,3,1,23,0,0.0,0.0,42.75,0.0,2.4642857142857144,0.10714285714285715,0.3214285714285714,0.0,0.0,0.0,0.0,0.0,0.0,0.0,0.0,0.0,1.7142857142857144,2.571428571428571
Matz Sels,Nottingham Forest,GKP,3420,0,0,0,0,0.0,0.0,31.81578947368421,0.0,0.0,0.0,0.0,0.0,0.0,0.0,0.0,0.026315789473684213,0.0,0.0,0.0,3.1578947368421053,1.4210526315789473,0.026315789473684213
Morato,Nottingham Forest,DEF,893,0,0,2,0,0.0,0.0,47.06606942889138,0.0,0.20156774916013437,0.0,0.0,0.0,0.0,0.0,0.0,2.217245240761478,0.0,0.0,0.0,0.0,7.55879059350504,1.108622620380739
Morgan Gibbs-White,Nottingham Forest,MID,2822,7,8,61,20,75.0,15.0,55.46066619418851,27.55492558469171,1.9454287739192062,0.2551381998582566,0.22324592487597447,12.150956768249468,7.4627923458540035,0.7016300496102056,0.8610914245216159,1.371367824238129,0.1913536498936924,12.119064493267187,2.0729978738483346,0.0,0.0,1.2119064493267186
Murillo,Nottingham Forest,DEF,3191,2,0,25,1,94.0,33.0,56.267627702914446,18.81228455029771,0.7051081165778752,0.0,0.05640864932623002,5.020369790034472,2.876841115637731,0.08461297398934503,0.2820432466311501,1.4948292071450955,0.19743027264180507,3.130680037605766,0.5922908179254152,0.0,6.825446568473833,0.7615167659041053
Nathan Wood,Nottingham Forest,DEF,772,0,0,2,0,0.0,0.0,66.91709844559585,0.0,0.23316062176165803,0.0,0.0,0.0,0.0,0.0,0.0,1.632124352331606,0.0,0.0,0.0,0.0,4.430051813471502,1.049222797927461
Neco Williams,Nottingham Forest,DEF,2590,1,3,37,35,77.0,13.0,57.92664092664093,13.552123552123552,1.2857142857142856,0.10424710424710425,0.03474903474903475,6.185328185328185,3.544401544401545,0.03474903474903475,0.10424710424710425,3.1274131274131274,0.10424710424710425,6.185328185328185,2.0154440154440154,0.0,4.1698841698841695,0.833976833976834
Nicolás Domínguez,Nottingham Forest,MID,1970,0,1,21,8,83.0,17.0,58.29441624365482,46.87309644670051,0.9593908629441624,0.045685279187817264,0.0,7.2639593908629445,3.2436548223350257,0.0,0.0,3.9289340101522843,1.233502538071066,3.8375634517766497,6.441624365482233,0.0,2.3756345177664975,1.5076142131979697
Nikola Milenkovic,Nottingham Forest,DEF,3330,5,2,29,3,86.0,0.0,38.75675675675676,42.945945945945944,0.7837837837837838,0.05405405405405405,0.13513513513513514,10.297297297297296,5.45945945945946,0.1891891891891892,0.6216216216216216,1.3783783783783783,0.9189189189189189,7.243243243243243,2.2162162162162162,0.0,5.621621621621621,0.5405405405405406
Ola Aina,Nottingham Forest,DEF,3003,2,1,11,1,84.0,0.0,54.3056943056943,14.835164835164836,0.32967032967032966,0.02997002997002997,0.05994005994005994,2.4275724275724273,0.989010989010989,0.05994005994005994,0.14985014985014986,1.6483516483516485,0.32967032967032966,2.3976023976023977,0.5394605394605395,0.0,3.1768231768231767,0.6893106893106893
Ryan Yates,Nottingham Forest,MID,1904,2,0,33,3,87.0,8.0,52.70483193277311,67.26365546218487,1.559873949579832,0.0,0.09453781512605042,16.449579831932773,6.80672268907563,0.09453781512605042,0.5199579831932774,1.9852941176470589,1.370798319327731,10.115546218487395,1.9852941176470589,0.0,2.8361344537815123,2.505252100840336
Aaron Ramsdale,Southampton,GKP,2700,0,0,0,0,0.0,0.0,47.36666666666666,0.0,0.0,0.0,0.0,0.0,0.0,0.0,0.0,0.0,0.0,0.0,0.0,4.166666666666666,0.9333333333333333,0.03333333333333333
Alex McCarthy,Southampton,GKP,450,0,0,0,0,0.0,0.0,38.400000000000006,0.0,0.0,0.0,0.0,0.0,0.0,0.0,0.0,0.0,0.0,0.0,0.0,4.800000000000001,0.6000000000000001,0.0
Cameron Archer,Southampton,FWD,1432,2,0,29,3,81.0,0.0,28.34497206703911,48.39385474860335,1.8226256983240223,0.0,0.12569832402234637,8.233240223463687,3.833798882681564,0.06284916201117319,0.0,0.8170391061452514,0.8798882681564246,1.8226256983240223,4.148044692737431,0.0,0.5656424581005587,1.005586592178771
Flynn Downes,Southampton,MID,2154,1,0,10,5,91.0,14.0,59.080779944289695,68.02228412256267,0.41782729805013924,0.0,0.04178272980501393,12.827298050139277,7.9805013927576605,0.04178272980501393,0.3760445682451254,2.0473537604456826,0.6685236768802229,2.9665738161559885,3.885793871866295,0.0,2.0891364902506964,2.0891364902506964
Jack Stephens,Southampton,DEF,1394,1,0,4,4,87.0,10.0,71.987087517934,70.6958393113343,0.2582496413199426,0.0,0.06456241032998565,11.814921090387376,4.45480631276901,0.0,0.06456241032998565,2.1951219512195124,1.3558106169296986,6.068866571018651,8.134863701578192,0.0,3.163558106169297,0.8393113342898134
James Bree,Southampton,DEF,1073,0,1,4,4,82.0,0.0,59.97204100652377,58.54613233923578,0.33550792171481825,0.08387698042870456,0.0,12.078285181733456,4.026095060577819,0.16775396085740912,2.348555452003728,1.5936626281453867,1.929170549860205,10.568499534016775,2.0130475302889095,0.0,2.264678471575023,0.33550792171481825
Jan Bednarek,Southampton,DEF,2535,2,0,5,5,89.0,6.0,74.09467455621302,80.41420118343196,0.1775147928994083,0.0,0.07100591715976332,27.337278106508876,17.53846153846154,0.14201183431952663,0.3905325443786982,1.2781065088757395,0.8520710059171598,4.4733727810650885,4.757396449704141,0.0,6.710059171597633,1.1005917159763314
Joe Aribo,Southampton,MID,2018,3,0,17,10,80.0,15.0,60.5203171456888,21.541129831516354,0.7581764122893955,0.0,0.1337958374628345,10.391476709613478,5.128840436075322,0.1337958374628345,1.4271555996035679,2.0961347869177405,0.535183349851338,10.257680872150644,5.441030723488603,0.0,1.248761149653122,0.8919722497522299
Kamaldeen Sulemana,Southampton,MID,1406,1,0,29,27,81.0,18.0,42.311522048364154,56.9701280227596,1.856330014224751,0.0,0.06401137980085349,28.61308677098151,17.667140825035563,0.5761024182076814,4.800853485064011,1.4082503556187767,0.8961593172119487,18.17923186344239,3.456614509246088,0.0,0.4480796586059744,1.4082503556187767
Kyle Walker-Peters,Southampton,DEF,2922,0,2,20,22,81.0,11.0,66.19096509240246,26.273100616016425,0.6160164271047228,0.061601642710472276,0.0,11.08829568788501,5.297741273100616,0.21560574948665295,2.3100616016427105,1.3552361396303902,0.27720739219712526,7.731006160164272,0.9240246406570841,0.0,2.3100616016427105,0.8624229979466118
Lesley Ugochukwu,Southampton,MID,1664,1,0,10,4,90.0,12.0,50.35456730769231,140.3545673076923,0.5408653846153847,0.0,0.054086538461538464,26.286057692307693,14.38701923076923,0.1622596153846154,0.703125,2.7043269230769234,1.7848557692307692,7.409855769230769,7.518028846153846,0.0,1.2439903846153846,0.0
Mateus Fernandes,Southampton,MID,2919,2,4,42,44,79.0,14.0,59.13669064748202,29.260020554984585,1.2949640287769786,0.12332990750256938,0.06166495375128469,13.597122302158274,8.54059609455293,0.4316546762589928,1.8191161356628982,2.7440904419321686,0.5241521068859198,10.853031860226105,1.2949640287769786,0.0,0.0,1.418293936279548
Paul Onuachu,Southampton,FWD,1044,4,0,34,17,89.0,7.0,42.58620689655172,63.01724137931035,2.9310344827586206,0.0,0.3448275862068965,35.0,18.879310344827587,0.0,9.310344827586206,0.603448275862069,0.7758620689655172,16.982758620689655,3.706896551724138,0.0,1.379310344827586,2.413793103448276
Ryan Manning,Southampton,DEF,1468,0,1,8,7,94.0,0.0,62.963215258855584,141.55994550408718,0.49046321525885556,0.061307901907356945,0.0,43.77384196185286,24.33923705722071,0.0,0.18392370572207084,0.0,1.2261580381471389,2.8814713896457764,4.352861035422343,0.0,2.4523160762942777,1.164850136239782
Taylor Harwood-Bellis,Southampton,DEF,2828,1,0,20,9,89.0,15.0,80.26166902404526,58.55728429985856,0.6364922206506365,0.0,0.03182461103253183,14.48019801980198,7.765205091937765,0.19094766619519093,0.38189533239038187,0.0,1.113861386138614,7.765205091937765,1.7821782178217822,0.0,4.455445544554456,1.113861386138614
Tyler Dibling,Southampton,FWD,1874,2,0,28,3,74.0,0.0,48.217716115261474,49.226254002134475,1.3447171824973319,0.0,0.096051227321238,12.48665955176094,7.588046958377801,0.0,5.042689434364995,1.632870864461046,0.9124866595517609,10.661686232657416,1.969050160085379,0.0,0.768409818569904,0.0
Welington,Southampton,DEF,480,0,0,3,0,0.0,0.0,54.93750000000001,0.0,0.5625,0.0,0.0,0.0,0.0,0.0,0.0,3.9374999999999996,0.0,0.0,0.0,0.0,6.187500000000001,1.125
Will Smallbone,Southampton,MID,682,1,0,7,0,0.0,0.0,58.988269794721404,0.0,0.9237536656891495,0.0,0.13196480938416422,0.0,0.0,0.0,0.0,2.6392961876832848,0.0,0.0,0.0,0.0,1.847507331378299,1.4516129032258065
Yukinari Sugawara,Southampton,DEF,1555,1,0,14,4,89.0,18.0,63.376205787781345,48.964630225080384,0.8102893890675241,0.0,0.057877813504823156,15.048231511254018,6.366559485530547,0.11575562700964631,0.11575562700964631,1.7942122186495175,1.0418006430868167,8.45016077170418,0.8102893890675241,0.0,2.662379421221865,0.8681672025723474
Antonín Kinsky,Tottenham Hotspur,GKP,540,0,0,0,0,0.0,0.0,45.5,0.0,0.0,0.0,0.0,0.0,0.0,0.0,0.0,0.5,0.0,0.0,0.0,4.0,2.5,0.0
Archie Gray,Tottenham Hotspur,MID,1743,0,0,1,3,74.0,17.0,68.62306368330464,38.05507745266782,0.05163511187607572,0.0,0.0,7.435456110154906,4.853700516351118,0.1549053356282272,2.8915662650602405,0.8261617900172116,1.2908777969018934,7.590361445783132,1.1359724612736661,0.0,2.426850258175559,0.8777969018932875
Ben Davies,Tottenham Hotspur,DEF,1330,0,0,5,3,78.0,14.0,80.796992481203,21.654135338345863,0.3383458646616541,0.0,0.0,6.090225563909774,3.3834586466165413,0.13533834586466167,1.488721804511278,1.150375939849624,0.8796992481203008,8.796992481203008,2.5037593984962405,0.0,5.345864661654136,1.150375939849624
Brennan Johnson,Tottenham Hotspur,MID,2179,0,3,54,29,82.0,8.0,37.83386874713171,83.43276732446076,2.2303809086737036,0.12391005048187241,0.0,19.784304726938963,10.119320789352914,1.2804038549793482,3.5107847636530516,1.6108306562643413,1.0738871041762277,12.680128499311612,2.1477742083524554,0.0,0.4130335016062414,1.1151904543368518
Cristian Romero,Tottenham Hotspur,DEF,1420,1,0,16,13,94.0,9.0,89.87323943661971,67.11971830985915,1.0140845070422535,0.0,0.06338028169014084,17.809859154929576,7.859154929577464,0.1267605633802817,0.5070422535211268,2.2183098591549295,0.44366197183098594,9.253521126760564,1.7746478873239437,0.0,3.295774647887324,0.8873239436619719
Dejan Kulusevski,Tottenham Hotspur,MID,2391,7,4,47,1,88.0,0.0,53.60100376411543,35.87202007528231,1.769134253450439,0.15056461731493098,0.26348808030112925,10.464240903387704,6.097867001254706,0.0,0.7151819322459222,1.6938519447929736,0.8281053952321205,7.6787954830614815,0.9786700125470514,0.0,0.33877038895859474,1.8067754077791718
Destiny Udogie,Tottenham Hotspur,DEF,1931,0,0,5,5,84.0,0.0,68.42050750906266,63.992749870533395,0.2330398757120663,0.0,0.0,14.72812014500259,9.088555152770585,0.186431900569653,3.0761263593992747,3.4955981356809946,1.7244950802692907,9.554634904194717,2.7498705334023823,0.0,1.3050233039875712,1.3516312791299845
Djed Spence,Tottenham Hotspur,DEF,1790,1,2,10,20,64.0,6.0,76.67597765363129,14.17877094972067,0.5027932960893855,0.10055865921787709,0.05027932960893854,5.027932960893854,2.6145251396648046,0.0,0.3016759776536313,2.363128491620112,0.35195530726256985,5.681564245810056,8.547486033519553,0.0,2.815642458100559,1.0558659217877095
Dominic Solanke,Tottenham Hotspur,FWD,2206,9,3,60,23,86.0,9.0,30.598368087035357,50.711695376246595,2.447869446962829,0.12239347234814144,0.3671804170444243,11.178603807796916,6.650045330915684,0.20398912058023572,0.9791477787851315,0.7343608340888486,0.3671804170444243,7.914777878513146,1.71350861287398,0.0,0.9383499546690843,1.4687216681776971
Fraser Forster,Tottenham Hotspur,GKP,630,0,0,0,0,0.0,0.0,34.42857142857142,0.0,0.0,0.0,0.0,0.0,0.0,0.0,0.0,0.0,0.0,0.0,0.0,4.142857142857143,1.0,0.0
Guglielmo Vicario,Tottenham Hotspur,GKP,2160,0,0,0,0,0.0,0.0,42.333333333333336,0.0,0.0,0.0,0.0,0.0,0.0,0.0,0.0,0.0,0.0,0.0,0.0,2.833333333333333,1.375,0.0
James Maddison,Tottenham Hotspur,MID,1816,9,7,39,4,82.0,7.0,78.45264317180617,63.2874449339207,1.9328193832599119,0.34691629955947134,0.4460352422907489,11.646475770925111,6.343612334801763,0.09911894273127754,0.04955947136563877,1.5363436123348018,2.0319383259911894,7.582599118942731,6.8392070484581495,0.0,0.842511013215859,1.5859030837004406
Kevin Danso,Tottenham Hotspur,DEF,843,0,0,7,0,0.0,0.0,74.62633451957295,0.0,0.7473309608540925,0.0,0.0,0.0,0.0,0.0,0.0,0.7473309608540925,0.0,0.0,0.0,0.0,7.473309608540925,0.9608540925266904
Lucas Bergvall,Tottenham Hotspur,MID,1206,0,1,12,3,83.0,0.0,71.56716417910448,73.13432835820895,0.8955223880597015,0.0746268656716418,0.0,14.104477611940299,7.985074626865671,0.1492537313432836,6.119402985074626,2.9104477611940296,1.8656716417910446,11.567164179104477,5.0,0.0,1.5671641791044777,1.492537313432836
Mathys Tel,Tottenham Hotspur,FWD,913,2,0,23,4,86.0,11.0,44.65498357064622,63.77875136911282,2.267250821467689,0.0,0.19715224534501644,14.687842278203725,6.60460021905805,0.0,1.2814895947426068,1.5772179627601315,1.6757940854326396,12.519167579408542,5.815991237677984,0.0,0.7886089813800657,1.380065717415115
Micky van de Ven,Tottenham Hotspur,DEF,1018,0,2,6,15,80.0,18.0,80.98231827111984,49.3320235756385,0.5304518664047151,0.1768172888015717,0.0,8.929273084479371,4.862475442043222,0.44204322200392926,1.149312377210216,0.8840864440078585,1.3261296660117878,14.94106090373281,10.343811394891945,0.0,3.3595284872298627,0.8840864440078585
Pape Sarr,Tottenham Hotspur,MID,1913,3,0,34,3,89.0,0.0,63.089388395190795,63.936225823314174,1.59958180867747,0.0,0.1411395713538944,21.029796131730265,13.220073183481444,0.18818609513852586,0.1411395713538944,2.305279665446942,0.47046523784631467,3.0109775222164137,2.2582331416623105,0.0,1.1291165708311552,1.59958180867747
Pedro Porro,Tottenham Hotspur,DEF,2608,2,0,39,9,88.0,4.0,80.50996932515338,45.13803680981595,1.3458588957055215,0.0,0.06901840490797546,10.904907975460123,6.177147239263804,0.0,2.7607361963190185,2.2776073619631902,1.276840490797546,6.763803680981595,2.5191717791411046,0.0,2.5191717791411046,0.8627300613496933
Radu Dragusin,Tottenham Hotspur,DEF,1251,0,0,5,13,76.0,13.0,70.79136690647482,23.38129496402878,0.3597122302158273,0.0,0.0,8.201438848920864,4.820143884892087,0.14388489208633093,0.5755395683453237,0.7194244604316546,0.14388489208633093,8.273381294964029,9.06474820143885,0.0,3.3093525179856114,0.0
Richarlison,Tottenham Hotspur,FWD,500,4,1,17,0,0.0,0.0,34.92,0.0,3.06,0.18,0.72,0.0,0.0,0.0,0.0,0.9,0.0,0.0,0.0,0.0,1.44,1.26
Rodrigo Bentancur,Tottenham Hotspur,MID,1653,2,0,22,19,66.0,21.0,74.15607985480943,7.6225045372050815,1.1978221415607986,0.0,0.10889292196007261,2.5045372050816694,0.925589836660617,0.16333938294010888,0.054446460980036304,2.1778584392014517,0.27223230490018147,4.954627949183303,7.078039927404719,0.0,2.014519056261343,1.851179673321234
Son Heung-Min,Tottenham Hotspur,MID,2116,7,9,57,7,83.0,15.0,51.762759924385634,22.457466918714555,2.4243856332703215,0.3827977315689981,0.29773156899810965,11.866729678638942,7.528355387523629,0.2551984877126654,2.6370510396975426,0.723062381852552,0.4678638941398866,9.102079395085065,1.0207939508506616,0.0,0.6805293005671078,0.2551984877126654
Timo Werner,Tottenham Hotspur,MID,508,0,3,8,0,0.0,0.0,57.75590551181102,0.0,1.4173228346456692,0.5314960629921259,0.0,0.0,0.0,0.0,0.0,1.0629921259842519,0.0,0.0,0.0,0.0,1.0629921259842519,0.5314960629921259
Wilson Odobert,Tottenham Hotspur,FWD,849,1,0,13,0,0.0,0.0,43.67491166077738,0.0,1.3780918727915195,0.0,0.10600706713780918,0.0,0.0,0.0,0.0,1.4840989399293285,0.0,0.0,0.0,0.0,0.5300353356890459,0.21201413427561835
Yves Bissouma,Tottenham Hotspur,MID,1405,2,0,11,0,78.0,0.0,69.62989323843416,20.498220640569393,0.704626334519573,0.0,0.12811387900355872,5.637010676156584,3.4590747330960854,0.1921708185053381,1.1530249110320285,3.138790035587189,0.9608540925266904,5.7010676156583635,0.896797153024911,0.0,2.2419928825622777,1.793594306049822
Aaron Cresswell,West Ham United,DEF,823,0,0,5,0,0.0,0.0,76.33049817739976,0.0,0.5467800729040098,0.0,0.0,0.0,0.0,0.0,0.0,1.2029161603888214,0.0,0.0,0.0,0.0,3.93681652490887,0.43742405832320774
Aaron Wan-Bissaka,West Ham United,DEF,3154,2,5,16,5,83.0,13.0,68.142041851617,42.88839568801522,0.45656309448319593,0.14267596702599875,0.05707038681039949,11.785034876347495,7.162333544705136,0.14267596702599875,2.168674698795181,1.9974635383639823,1.8833227647431832,7.390615091946735,1.5979708306911857,0.0,3.167406467977172,0.7133798351299936
Alphonse Areola,West Ham United,GKP,2259,0,0,0,0,0.0,0.0,44.462151394422314,0.0,0.0,0.0,0.0,0.0,0.0,0.0,0.0,0.0796812749003984,0.0,0.0,0.0,3.266932270916335,0.9960159362549801,0.0
Carlos Soler,West Ham United,MID,1404,1,0,25,10,80.0,3.0,53.97435897435898,61.53846153846154,1.6025641025641026,0.0,0.06410256410256411,8.525641025641026,3.782051282051282,0.5769230769230769,1.2820512820512822,1.0256410256410258,0.8974358974358975,10.512820512820513,3.7179487179487176,0.0,1.2179487179487178,1.6666666666666665
Crysencio Summerville,West Ham United,FWD,780,1,0,14,0,0.0,0.0,48.11538461538461,0.0,1.6153846153846152,0.0,0.11538461538461539,0.0,0.0,0.0,0.0,1.5,0.0,0.0,0.0,0.0,0.6923076923076923,1.0384615384615385
Edson Álvarez,West Ham United,MID,1781,0,1,12,7,82.0,5.0,65.03649635036497,65.13756316676024,0.6064008983717013,0.05053340819764178,0.0,19.556428972487367,9.550814149354295,0.3537338573834924,1.768669286917462,2.5266704098820885,1.5665356541268949,18.950028074115664,4.396406513194835,0.0,2.071869736103313,2.1224031443009546
Emerson,West Ham United,GKP,2126,2,0,16,11,91.0,16.0,58.25023518344308,42.37535277516463,0.6773283160865475,0.0,0.08466603951081844,10.32925682031985,5.460959548447789,0.08466603951081844,0.6773283160865475,2.539981185324553,0.46566321730950144,5.503292568203198,1.1006585136406397,0.0,2.3706491063029165,1.0583254938852305
Guido Rodríguez,West Ham United,MID,1155,0,0,8,7,86.0,7.0,57.27272727272727,87.11688311688312,0.6233766233766234,0.0,0.0,26.883116883116884,10.285714285714285,0.0,0.23376623376623376,2.8051948051948052,3.116883116883117,5.454545454545455,7.012987012987013,0.0,0.0,1.4025974025974026
James Ward-Prowse,West Ham United,MID,1440,1,2,15,26,69.0,16.0,68.0,23.187499999999996,0.9375,0.125,0.0625,6.5625,3.5625,0.0625,0.6875,1.5,0.3125,6.75,6.6875,0.0,1.1875,1.0625
Jarrod Bowen,West Ham United,MID,2979,0,8,87,0,88.0,0.0,42.62839879154078,32.35649546827795,2.6283987915407856,0.2416918429003021,0.0,7.009063444108762,3.3836858006042294,0.0,0.09063444108761329,1.2386706948640485,0.7854984894259819,3.202416918429003,1.6314199395770395,0.0,0.6344410876132931,0.6042296072507553
Jean-Clair Todibo,West Ham United,DEF,1831,0,0,5,33,68.0,20.0,66.20972146368105,20.64445658110322,0.24576734025122884,0.0,0.0,7.471327143637357,4.571272528672856,0.3440742763517204,1.27799016930639,2.310212998361551,0.09830693610049153,8.454396504642272,8.405243036592026,0.0,4.030584380120153,0.7864554888039322
Konstantinos Mavropanos,West Ham United,DEF,2037,0,0,18,3,78.0,0.0,69.58762886597938,24.653902798232696,0.7952871870397643,0.0,0.0,5.920471281296024,3.622974963181149,0.0,0.6185567010309279,1.5463917525773196,0.5301914580265096,3.667157584683358,2.2533136966126657,0.0,5.434462444771723,0.7511045655375552
Lucas Paquetá,West Ham United,MID,2384,4,0,41,30,86.0,18.0,72.9739932885906,31.18288590604027,1.5478187919463087,0.0,0.15100671140939598,15.062919463087248,7.2860738255033555,0.07550335570469799,1.2080536912751678,2.4916107382550337,0.26426174496644295,11.023489932885907,1.9630872483221475,0.0,1.2835570469798658,2.0008389261744965
Lukasz Fabianski,West Ham United,GKP,1161,0,0,0,0,0.0,0.0,45.03875968992248,0.0,0.0,0.0,0.0,0.0,0.0,0.0,0.0,0.0,0.0,0.0,0.0,3.8759689922480622,1.0852713178294573,0.15503875968992248
Maximilian Kilman,West Ham United,DEF,3349,0,1,13,4,84.0,30.0,65.14183338309944,9.997014034040012,0.3493580173186026,0.026873693639892508,0.0,1.3168109883547328,0.32248432367871005,0.0,0.026873693639892508,1.0480740519558076,0.4299790982382801,0.8062108091967751,1.2361899074350553,0.0,5.643475664377426,0.6180949537175277
Michail Antonio,West Ham United,FWD,844,1,1,19,0,0.0,0.0,34.76303317535545,0.0,2.0260663507109005,0.1066350710900474,0.1066350710900474,0.0,0.0,0.0,0.0,0.2132701421800948,0.0,0.0,0.0,0.0,0.2132701421800948,1.2796208530805686
Mohammed Kudus,West Ham United,MID,2601,5,3,75,3,90.0,5.0,52.179930795847746,74.49826989619378,2.5951557093425603,0.10380622837370243,0.17301038062283738,16.885813148788927,7.404844290657439,0.4152249134948097,0.34602076124567477,1.314878892733564,1.6955017301038064,11.937716262975778,1.9377162629757787,0.0,0.2768166089965398,1.3494809688581315
Niclas Füllkrug,West Ham United,FWD,788,3,2,16,0,0.0,0.0,33.46446700507614,0.0,1.8274111675126903,0.22842639593908629,0.34263959390862947,0.0,0.0,0.0,0.0,0.45685279187817257,0.0,0.0,0.0,0.0,1.8274111675126903,2.3984771573604062
Ollie Scarles,West Ham United,DEF,662,0,0,3,0,0.0,0.0,66.34441087613293,0.0,0.40785498489425986,0.0,0.0,0.0,0.0,0.0,0.0,2.8549848942598186,0.0,0.0,0.0,0.0,2.719033232628399,0.6797583081570997
Tomás Soucek,West Ham United,MID,2570,9,0,55,2,91.0,8.0,46.82101167315175,41.217898832684824,1.9260700389105059,0.0,0.3151750972762646,7.669260700389105,4.167315175097277,0.07003891050583658,0.0,1.610894941634241,0.3852140077821012,1.5058365758754864,2.4513618677042803,0.0,2.9416342412451364,1.6459143968871597
Vladimír Coufal,West Ham United,DEF,1061,0,0,7,1,70.0,0.0,65.23091423185673,16.88030160226202,0.5937794533459001,0.0,0.0,7.4646559849198875,5.344015080113101,0.0,3.901979264844486,1.8661639962299719,0.8482563619227144,5.85296889726673,2.459943449575872,0.0,3.0537229029217716,1.8661639962299719
André,Wolverhampton Wanderers,MID,2484,0,0,10,1,93.0,0.0,62.427536231884055,48.47826086956521,0.3623188405797101,0.0,0.0,10.144927536231885,4.27536231884058,0.18115942028985504,0.0,3.2971014492753628,1.3405797101449275,8.51449275362319,0.2898550724637681,0.0,1.0507246376811594,1.3043478260869565
Craig Dawson,Wolverhampton Wanderers,DEF,969,0,0,5,8,90.0,6.0,63.065015479876166,112.47678018575851,0.46439628482972134,0.0,0.0,31.57894736842105,19.040247678018577,0.37151702786377705,0.2786377708978328,1.3931888544891642,1.9504643962848298,7.15170278637771,6.408668730650155,0.0,4.7368421052631575,0.0
Emmanuel Agbadou,Wolverhampton Wanderers,DEF,1411,1,0,7,20,84.0,11.0,76.60524450744153,113.40892983699503,0.44649184975194894,0.0,0.06378454996456415,26.47058823529412,11.545003543586109,0.8929836995038979,2.870304748405386,1.9135364989369241,0.8291991495393338,18.688873139617293,3.0616583982990786,0.0,5.676824946846208,0.44649184975194894
Gonçalo Guedes,Wolverhampton Wanderers,MID,987,2,4,27,1,85.0,0.0,47.87234042553192,51.33738601823708,2.4620060790273555,0.36474164133738607,0.18237082066869303,7.112462006079027,2.370820668693009,0.09118541033434652,0.45592705167173253,1.4589665653495443,1.1854103343465046,8.389057750759878,1.641337386018237,0.0,0.2735562310030395,1.3677811550151977
Hwang Hee-Chan,Wolverhampton Wanderers,MID,650,2,0,5,0,0.0,0.0,40.707692307692305,0.0,0.6923076923076923,0.0,0.27692307692307694,0.0,0.0,0.0,0.0,0.8307692307692308,0.0,0.0,0.0,0.0,1.3846153846153846,0.0
Jean-Ricner Bellegarde,Wolverhampton Wanderers,MID,1681,2,7,22,8,78.0,0.0,49.47055324211779,56.484235574063064,1.1778703152885188,0.3747769185008923,0.10707911957168352,8.298631766805473,3.4800713860797146,0.4818560380725758,0.6424747174301011,2.0880428316478286,2.248661511005354,7.870315288518738,4.6044021415823915,0.0,0.9101725163593098,1.6597263533610944
João Gomes,Wolverhampton Wanderers,DEF,2987,3,0,35,14,84.0,9.0,64.90123870103784,30.431871442919316,1.0545698024774022,0.0,0.09039169735520589,7.7435554067626375,3.766320723133579,0.2109139604954804,0.48208905256109813,3.495145631067961,0.6930030130565785,7.92433880147305,3.223970539002343,0.0,0.9641781051221963,2.1091396049548043
Jørgen Strand Larsen,Wolverhampton Wanderers,FWD,2599,0,0,54,29,81.0,19.0,27.46056175452097,23.5475182762601,1.8699499807618314,0.0,0.0,9.522893420546364,5.748364755675259,0.17314351673720663,1.83532127741439,0.34628703347441325,0.4848018468641785,7.687572143131973,1.2466333205078877,0.0,1.0042323970757985,1.592920353982301
José Sá,Wolverhampton Wanderers,GKP,2609,0,0,0,0,0.0,0.0,37.42813338443848,0.0,0.0,0.0,0.0,0.0,0.0,0.0,0.0,0.06899195093905712,0.0,0.0,0.0,2.4492142583365273,0.8623993867382138,0.13798390187811424
Mario Lemina,Wolverhampton Wanderers,MID,1363,1,3,18,7,74.0,9.0,56.3903154805576,13.272193690388848,1.1885546588407925,0.19809244314013205,0.06603081438004402,2.7732942039618487,1.5187087307410123,0.06603081438004402,0.6603081438004402,3.3675715333822454,0.3961848862802641,5.41452677916361,3.4996331621423336,0.0,3.235509904622157,1.1225238444607484
Marshall Munetsi,Wolverhampton Wanderers,MID,1079,2,1,22,17,87.0,6.0,32.69694161260426,115.85727525486561,1.835032437442076,0.08341056533827618,0.16682113067655235,44.37442075996293,22.604263206672844,2.0852641334569046,2.919369786839666,2.0018535681186282,0.5004633920296571,14.346617238183503,1.2511584800741427,0.0,1.417979610750695,1.5848007414272474
Matheus Cunha,Wolverhampton Wanderers,MID,2600,15,6,110,4,89.0,11.0,60.542307692307695,37.35,3.807692307692308,0.2076923076923077,0.5192307692307693,10.038461538461538,5.434615384615385,0.10384615384615385,1.3846153846153846,1.3153846153846154,0.5192307692307693,5.1923076923076925,1.2115384615384617,0.0,0.6576923076923077,1.4538461538461538
Matt Doherty,Wolverhampton Wanderers,DEF,2113,2,1,10,7,83.0,9.0,67.21249408424042,15.333648840511122,0.4259346900141978,0.04259346900141978,0.08518693800283957,3.4074775201135825,1.7037387600567913,0.08518693800283957,0.5963085660198769,1.6185518220539519,0.5537150970184571,2.9389493610979653,0.5963085660198769,0.0,4.046379555134879,0.766682442025556
Nélson Semedo,Wolverhampton Wanderers,DEF,2891,0,4,18,9,88.0,0.0,56.56520235212729,28.858526461432028,0.560359737115185,0.12452438602559668,0.0,4.14043583535109,1.9301279833967484,0.2179176755447942,0.18678657903839502,1.9301279833967484,0.9028017986855759,6.101694915254237,1.5565548253199584,0.0,2.6150121065375305,1.4942926323071601
Pablo Sarabia,Wolverhampton Wanderers,MID,805,3,0,17,0,0.0,0.0,65.73913043478261,0.0,1.9006211180124224,0.0,0.3354037267080745,0.0,0.0,0.0,0.0,1.7888198757763976,0.0,0.0,0.0,0.0,0.782608695652174,1.7888198757763976
Rayan Aït-Nouri,Wolverhampton Wanderers,DEF,3127,4,7,36,3,88.0,9.0,66.62935721138471,21.384713783178768,1.0361368724016629,0.20147105852254557,0.11512631915574033,3.482571154461145,1.5254237288135593,0.11512631915574033,0.5180684362008314,2.561560601215222,0.37416053725615606,1.6117684681803646,0.9497921330348577,0.0,1.8995842660697153,0.0
Rodrigo Gomes,Wolverhampton Wanderers,MID,797,2,0,7,0,0.0,0.0,49.68632371392723,0.0,0.7904642409033876,0.0,0.22584692597239647,0.0,0.0,0.0,0.0,2.5972396486825597,0.0,0.0,0.0,0.0,1.8067754077791718,0.45169385194479295
Sam Johnstone,Wolverhampton Wanderers,GKP,630,0,0,0,0,0.0,0.0,45.42857142857143,0.0,0.0,0.0,0.0,0.0,0.0,0.0,0.0,0.0,0.0,0.0,0.0,3.285714285714286,1.2857142857142856,0.0
Santiago Bueno,Wolverhampton Wanderers,DEF,1682,0,0,6,3,90.0,0.0,55.96908442330558,63.941736028537456,0.3210463733650416,0.0,0.0,15.624256837098692,7.7051129607609985,0.0535077288941736,0.9631391200951248,2.1938168846611177,1.4982164090368608,11.343638525564804,2.3543400713436387,0.0,3.7455410225921524,1.3912009512485137
Tommy Doyle,Wolverhampton Wanderers,MID,475,0,1,9,0,0.0,0.0,90.56842105263158,0.0,1.705263157894737,0.18947368421052632,0.0,0.0,0.0,0.0,0.0,2.0842105263157897,0.0,0.0,0.0,0.0,2.0842105263157897,0.9473684210526315
Toti Gomes,Wolverhampton Wanderers,DEF,2615,0,0,7,8,78.0,7.0,72.61950286806884,55.61759082217973,0.2409177820267686,0.0,0.0,12.045889101338432,6.539196940726578,0.4130019120458891,3.2007648183556405,2.0994263862332696,1.066921606118547,6.780114722753346,0.5506692160611855,0.0,5.059273422562142,0.8260038240917782
